1;get_field;/Users/MPemburn/Dev/clarku-wordpress/wp-content/plugins/acf-taxonomy-by-site/fields/class-acf-field-taxonomy-by-site.php;110;"$field = acf_get_field( $options['field_key'] );";2023-09-06T20:06:05.000000Z;2023-09-06T20:06:05.000000Z
2;get_field;/Users/MPemburn/Dev/clarku-wordpress/wp-content/plugins/acf-taxonomy-by-site/fields/class-acf-field-taxonomy-by-site.php;924;"$field = acf_get_field( $args['field_key'] );";2023-09-06T20:06:05.000000Z;2023-09-06T20:06:05.000000Z
3;get_field;/Users/MPemburn/Dev/clarku-wordpress/wp-content/plugins/acf-flexible-content-popup/class-acf-field-flexible-content.php;119;"$sub_fields = acf_get_fields( $field );";2023-09-06T20:06:05.000000Z;2023-09-06T20:06:05.000000Z
4;get_field;/Users/MPemburn/Dev/clarku-wordpress/wp-content/plugins/acf-flexible-content-popup/class-acf-field-flexible-content.php;462;"<?php echo acf_get_field_label( $sub_field ); ?>";2023-09-06T20:06:05.000000Z;2023-09-06T20:06:05.000000Z
5;get_field;/Users/MPemburn/Dev/clarku-wordpress/wp-content/plugins/acf-flexible-content-popup/class-acf-field-flexible-content.php;1473;"$field = acf_get_field( $options['field_key'] );";2023-09-06T20:06:05.000000Z;2023-09-06T20:06:05.000000Z
6;get_field;/Users/MPemburn/Dev/clarku-wordpress/wp-content/plugins/clark-dei/functions.php;20;"$updatesA = get_field( 'updates', $a->ID );";2023-09-06T20:06:05.000000Z;2023-09-06T20:06:05.000000Z
7;get_field;/Users/MPemburn/Dev/clarku-wordpress/wp-content/plugins/clark-dei/functions.php;21;"$updatesB = get_field( 'updates', $b->ID );";2023-09-06T20:06:05.000000Z;2023-09-06T20:06:05.000000Z
8;get_field;/Users/MPemburn/Dev/clarku-wordpress/wp-content/plugins/clark-dei/functions.php;61;"$updates = get_field( 'updates', $latest_initiative->ID );";2023-09-06T20:06:05.000000Z;2023-09-06T20:06:05.000000Z
9;get_field;/Users/MPemburn/Dev/clarku-wordpress/wp-content/plugins/clark-dei/functions.php;76;"$topic = get_field( 'primary_topic', $post->ID );";2023-09-06T20:06:05.000000Z;2023-09-06T20:06:05.000000Z
10;get_field;/Users/MPemburn/Dev/clarku-wordpress/wp-content/plugins/clark-dei/components/status.php;18;"$color = get_field( 'status_color', 'dei_status_' . $status->term_id );";2023-09-06T20:06:05.000000Z;2023-09-06T20:06:05.000000Z
11;get_field;/Users/MPemburn/Dev/clarku-wordpress/wp-content/plugins/clark-dei/components/status.php;20;"$tooltip = get_field( 'status_tooltip', 'dei_status_' . $status->term_id );";2023-09-06T20:06:05.000000Z;2023-09-06T20:06:05.000000Z
12;get_field;/Users/MPemburn/Dev/clarku-wordpress/wp-content/plugins/clark-dei/components/carousel.php;77;"$updates = get_field( 'updates', $slide->ID );";2023-09-06T20:06:05.000000Z;2023-09-06T20:06:05.000000Z
13;get_field;/Users/MPemburn/Dev/clarku-wordpress/wp-content/plugins/clark-dei/components/carousel.php;120;"$updates = get_field( 'updates', $slide->ID );";2023-09-06T20:06:05.000000Z;2023-09-06T20:06:05.000000Z
14;get_field;/Users/MPemburn/Dev/clarku-wordpress/wp-content/plugins/clark-crime-log/components/main.php;80;"$crime_date = get_field( 'crime_date', $log->ID );";2023-09-06T20:06:05.000000Z;2023-09-06T20:06:05.000000Z
15;get_field;/Users/MPemburn/Dev/clarku-wordpress/wp-content/plugins/clark-crime-log/components/main.php;81;"$crime_time = get_field( 'crime_time', $log->ID ) ?? '';";2023-09-06T20:06:05.000000Z;2023-09-06T20:06:05.000000Z
16;get_field;/Users/MPemburn/Dev/clarku-wordpress/wp-content/plugins/clark-crime-log/components/main.php;82;"$crime_date_end = get_field( 'crime_date_end', $log->ID );";2023-09-06T20:06:05.000000Z;2023-09-06T20:06:05.000000Z
17;get_field;/Users/MPemburn/Dev/clarku-wordpress/wp-content/plugins/clark-crime-log/components/main.php;83;"$crime_time_end = get_field( 'crime_time_end', $log->ID );";2023-09-06T20:06:05.000000Z;2023-09-06T20:06:05.000000Z
18;get_field;/Users/MPemburn/Dev/clarku-wordpress/wp-content/plugins/clark-crime-log/components/main.php;94;"$classifications = get_field( 'crime_classification', $log->ID );";2023-09-06T20:06:05.000000Z;2023-09-06T20:06:05.000000Z
19;get_field;/Users/MPemburn/Dev/clarku-wordpress/wp-content/plugins/clark-crime-log/components/main.php;112;"// $case_number = get_field( 'crime_case_number', $log->ID );";2023-09-06T20:06:05.000000Z;2023-09-06T20:06:05.000000Z
20;get_field;/Users/MPemburn/Dev/clarku-wordpress/wp-content/plugins/clark-crime-log/components/main.php;119;"$crime_reported_date = get_field( 'crime_report_date', $log->ID );";2023-09-06T20:06:05.000000Z;2023-09-06T20:06:05.000000Z
21;get_field;/Users/MPemburn/Dev/clarku-wordpress/wp-content/plugins/clark-crime-log/components/main.php;120;"$crime_reported_time = get_field( 'crime_report_time', $log->ID ) ?? '';";2023-09-06T20:06:05.000000Z;2023-09-06T20:06:05.000000Z
22;get_field;/Users/MPemburn/Dev/clarku-wordpress/wp-content/plugins/clark-crime-log/components/main.php;121;"$crime_reported_date_end = get_field( 'crime_report_date_end', $log->ID );";2023-09-06T20:06:05.000000Z;2023-09-06T20:06:05.000000Z
23;get_field;/Users/MPemburn/Dev/clarku-wordpress/wp-content/plugins/clark-crime-log/components/main.php;122;"$crime_reported_time_end = get_field( 'crime_report_time_end', $log->ID );";2023-09-06T20:06:05.000000Z;2023-09-06T20:06:05.000000Z
24;get_field;/Users/MPemburn/Dev/clarku-wordpress/wp-content/plugins/clark-crime-log/components/main.php;133;"$crime_location_type = get_field( 'crime_location_type', $log->ID );";2023-09-06T20:06:05.000000Z;2023-09-06T20:06:05.000000Z
25;get_field;/Users/MPemburn/Dev/clarku-wordpress/wp-content/plugins/clark-crime-log/components/main.php;144;"$crime_locations = get_field( 'crime_location', $log->ID );";2023-09-06T20:06:05.000000Z;2023-09-06T20:06:05.000000Z
26;get_field;/Users/MPemburn/Dev/clarku-wordpress/wp-content/plugins/clark-crime-log/components/main.php;162;"$crime_statuses = get_field( 'crime_status', $log->ID );";2023-09-06T20:06:05.000000Z;2023-09-06T20:06:05.000000Z
27;get_field;/Users/MPemburn/Dev/clarku-wordpress/wp-content/plugins/clark-crime-log/components/main.php;180;"$crime_prevention_advice = get_field( 'crime_prevention_advice', $log->ID );";2023-09-06T20:06:05.000000Z;2023-09-06T20:06:05.000000Z
28;get_field;/Users/MPemburn/Dev/clarku-wordpress/wp-content/plugins/clark-crime-log/components/main.php;181;"$crime_prevention_advice_post = get_field( 'crime_prevention_advice_post', $log->ID );";2023-09-06T20:06:05.000000Z;2023-09-06T20:06:05.000000Z
29;get_field;/Users/MPemburn/Dev/clarku-wordpress/wp-content/plugins/clark-crime-log/components/main.php;219;"$crime_date = get_field( 'crime_date', $log->ID );";2023-09-06T20:06:05.000000Z;2023-09-06T20:06:05.000000Z
30;get_field;/Users/MPemburn/Dev/clarku-wordpress/wp-content/plugins/clark-crime-log/components/main.php;220;"$crime_date_end = get_field( 'crime_date_end', $log->ID );";2023-09-06T20:06:05.000000Z;2023-09-06T20:06:05.000000Z
31;get_field;/Users/MPemburn/Dev/clarku-wordpress/wp-content/plugins/clark-crime-log/components/main.php;273;"// $saved_case_number = get_field( 'crime_case_number', $log->ID );";2023-09-06T20:06:05.000000Z;2023-09-06T20:06:05.000000Z
32;get_field;/Users/MPemburn/Dev/clarku-wordpress/wp-content/plugins/clark-crime-log/components/main.php;282;"$crime_report_date = get_field( 'crime_report_date', $log->ID );";2023-09-06T20:06:05.000000Z;2023-09-06T20:06:05.000000Z
33;get_field;/Users/MPemburn/Dev/clarku-wordpress/wp-content/plugins/clark-crime-log/components/main.php;438;"// $case_number = get_field( 'crime_case_number', $post->ID );";2023-09-06T20:06:05.000000Z;2023-09-06T20:06:05.000000Z
34;get_field;/Users/MPemburn/Dev/clarku-wordpress/wp-content/plugins/clark-crime-log/components/main.php;441;"$crime_reported_date = get_field( 'crime_report_date', $post->ID );";2023-09-06T20:06:05.000000Z;2023-09-06T20:06:05.000000Z
35;get_field;/Users/MPemburn/Dev/clarku-wordpress/wp-content/plugins/clark-crime-log/components/main.php;442;"$crime_reported_time = get_field( 'crime_report_time', $post->ID );";2023-09-06T20:06:05.000000Z;2023-09-06T20:06:05.000000Z
36;get_field;/Users/MPemburn/Dev/clarku-wordpress/wp-content/plugins/clark-crime-log/components/main.php;443;"$crime_reported_date_end = get_field( 'crime_report_date_end', $post->ID );";2023-09-06T20:06:05.000000Z;2023-09-06T20:06:05.000000Z
37;get_field;/Users/MPemburn/Dev/clarku-wordpress/wp-content/plugins/clark-crime-log/components/main.php;444;"$crime_reported_time_end = get_field( 'crime_report_time_end', $post->ID );";2023-09-06T20:06:05.000000Z;2023-09-06T20:06:05.000000Z
38;get_field;/Users/MPemburn/Dev/clarku-wordpress/wp-content/plugins/clark-crime-log/components/main.php;453;"$crime_date = get_field( 'crime_date', $post->ID );";2023-09-06T20:06:05.000000Z;2023-09-06T20:06:05.000000Z
39;get_field;/Users/MPemburn/Dev/clarku-wordpress/wp-content/plugins/clark-crime-log/components/main.php;454;"$crime_time = get_field( 'crime_time', $post->ID ) ?? '';";2023-09-06T20:06:05.000000Z;2023-09-06T20:06:05.000000Z
40;get_field;/Users/MPemburn/Dev/clarku-wordpress/wp-content/plugins/clark-crime-log/components/main.php;455;"$crime_date_end = get_field( 'crime_date_end', $post->ID );";2023-09-06T20:06:05.000000Z;2023-09-06T20:06:05.000000Z
41;get_field;/Users/MPemburn/Dev/clarku-wordpress/wp-content/plugins/clark-crime-log/components/main.php;456;"$crime_time_end = get_field( 'crime_time_end', $post->ID );";2023-09-06T20:06:05.000000Z;2023-09-06T20:06:05.000000Z
42;get_field;/Users/MPemburn/Dev/clarku-wordpress/wp-content/plugins/clark-crime-log/components/main.php;465;"$crime_updated_date = get_field( 'crime_updated_date', $post->ID );";2023-09-06T20:06:05.000000Z;2023-09-06T20:06:05.000000Z
43;get_field;/Users/MPemburn/Dev/clarku-wordpress/wp-content/plugins/clark-crime-log/components/main.php;467;"$crime_prevention_advice = get_field( 'crime_prevention_advice', $post->ID );";2023-09-06T20:06:05.000000Z;2023-09-06T20:06:05.000000Z
44;get_field;/Users/MPemburn/Dev/clarku-wordpress/wp-content/plugins/clark-crime-log/components/main.php;468;"$crime_prevention_advice_post = get_field( 'crime_prevention_advice_post', $post->ID );";2023-09-06T20:06:05.000000Z;2023-09-06T20:06:05.000000Z
45;get_field;/Users/MPemburn/Dev/clarku-wordpress/wp-content/plugins/clark-crime-log/components/main.php;535;"$classification = get_field( 'crime_classification', $post->ID );";2023-09-06T20:06:05.000000Z;2023-09-06T20:06:05.000000Z
46;get_field;/Users/MPemburn/Dev/clarku-wordpress/wp-content/plugins/clark-crime-log/components/main.php;558;"$crime_location_type = get_field( 'crime_location_type', $post->ID );";2023-09-06T20:06:05.000000Z;2023-09-06T20:06:05.000000Z
47;get_field;/Users/MPemburn/Dev/clarku-wordpress/wp-content/plugins/clark-crime-log/components/main.php;559;"$crime_location = get_field( 'crime_location', $post->ID );";2023-09-06T20:06:05.000000Z;2023-09-06T20:06:05.000000Z
48;get_field;/Users/MPemburn/Dev/clarku-wordpress/wp-content/plugins/clark-crime-log/components/main.php;573;"$location_link = get_field( 'crime_location_link', 'crime_log_location_' . $term->term_id );";2023-09-06T20:06:05.000000Z;2023-09-06T20:06:05.000000Z
49;get_field;/Users/MPemburn/Dev/clarku-wordpress/wp-content/plugins/clark-crime-log/components/main.php;594;"$crime_status = get_field( 'crime_status', $post->ID );";2023-09-06T20:06:05.000000Z;2023-09-06T20:06:05.000000Z
50;get_field;/Users/MPemburn/Dev/clarku-wordpress/wp-content/plugins/clark-crime-log/components/main.php;595;"$crime_updated_date = get_field( 'crime_updated_date', $post->ID );";2023-09-06T20:06:05.000000Z;2023-09-06T20:06:05.000000Z
51;get_field;/Users/MPemburn/Dev/clarku-wordpress/wp-content/plugins/clark-crime-log/components/main.php;598;"// 	'open' => get_field( 'crime_status_open_text', $post->ID ),";2023-09-06T20:06:05.000000Z;2023-09-06T20:06:05.000000Z
52;get_field;/Users/MPemburn/Dev/clarku-wordpress/wp-content/plugins/clark-crime-log/components/main.php;599;"// 	'closed' => get_field( 'crime_status_closed_text', $post->ID ),";2023-09-06T20:06:05.000000Z;2023-09-06T20:06:05.000000Z
53;get_field;/Users/MPemburn/Dev/clarku-wordpress/wp-content/plugins/clark-crime-log/components/main.php;600;"// 	'summons' => get_field( 'crime_status_summons_text', $post->ID ),";2023-09-06T20:06:05.000000Z;2023-09-06T20:06:05.000000Z
54;get_field;/Users/MPemburn/Dev/clarku-wordpress/wp-content/plugins/clark-crime-log/components/main.php;601;"// 	'under-investigation' => get_field( 'crime_status_under_investigation_text', $post->ID ),";2023-09-06T20:06:05.000000Z;2023-09-06T20:06:05.000000Z
55;get_field;/Users/MPemburn/Dev/clarku-wordpress/wp-content/plugins/clark-crime-log/components/main.php;602;"// 	'referred' => get_field( 'crime_status_referred_text', $post->ID ),";2023-09-06T20:06:05.000000Z;2023-09-06T20:06:05.000000Z
56;get_field;/Users/MPemburn/Dev/clarku-wordpress/wp-content/plugins/clark-crime-log/components/main.php;605;"$extra_text = get_field( 'crime_status_extra_text', $post->ID );";2023-09-06T20:06:05.000000Z;2023-09-06T20:06:05.000000Z
57;get_field;/Users/MPemburn/Dev/clarku-wordpress/wp-content/plugins/clark-crime-log/post-types/crime-log.php;109;"echo get_field('crime_report_date');";2023-09-06T20:06:05.000000Z;2023-09-06T20:06:05.000000Z
58;get_field;/Users/MPemburn/Dev/clarku-wordpress/wp-content/plugins/clark-crime-log/export/main.php;126;"$crime_date = get_field( 'crime_date', $log->ID );";2023-09-06T20:06:05.000000Z;2023-09-06T20:06:05.000000Z
59;get_field;/Users/MPemburn/Dev/clarku-wordpress/wp-content/plugins/clark-crime-log/export/main.php;127;"$crime_time = get_field( 'crime_time', $log->ID ) ?? '';";2023-09-06T20:06:05.000000Z;2023-09-06T20:06:05.000000Z
60;get_field;/Users/MPemburn/Dev/clarku-wordpress/wp-content/plugins/clark-crime-log/export/main.php;128;"$crime_date_end = get_field( 'crime_date_end', $log->ID );";2023-09-06T20:06:05.000000Z;2023-09-06T20:06:05.000000Z
61;get_field;/Users/MPemburn/Dev/clarku-wordpress/wp-content/plugins/clark-crime-log/export/main.php;129;"$crime_time_end = get_field( 'crime_time_end', $log->ID );";2023-09-06T20:06:05.000000Z;2023-09-06T20:06:05.000000Z
62;get_field;/Users/MPemburn/Dev/clarku-wordpress/wp-content/plugins/clark-crime-log/export/main.php;159;"$classifications = get_field( 'crime_classification', $log->ID );";2023-09-06T20:06:05.000000Z;2023-09-06T20:06:05.000000Z
63;get_field;/Users/MPemburn/Dev/clarku-wordpress/wp-content/plugins/clark-crime-log/export/main.php;177;"// $case_number = get_field( 'crime_case_number', $log->ID );";2023-09-06T20:06:05.000000Z;2023-09-06T20:06:05.000000Z
64;get_field;/Users/MPemburn/Dev/clarku-wordpress/wp-content/plugins/clark-crime-log/export/main.php;184;"$crime_reported_date = get_field( 'crime_report_date', $log->ID );";2023-09-06T20:06:05.000000Z;2023-09-06T20:06:05.000000Z
65;get_field;/Users/MPemburn/Dev/clarku-wordpress/wp-content/plugins/clark-crime-log/export/main.php;185;"$crime_reported_time = get_field( 'crime_report_time', $log->ID ) ?? '';";2023-09-06T20:06:05.000000Z;2023-09-06T20:06:05.000000Z
66;get_field;/Users/MPemburn/Dev/clarku-wordpress/wp-content/plugins/clark-crime-log/export/main.php;186;"$crime_reported_date_end = get_field( 'crime_report_date_end', $log->ID );";2023-09-06T20:06:05.000000Z;2023-09-06T20:06:05.000000Z
67;get_field;/Users/MPemburn/Dev/clarku-wordpress/wp-content/plugins/clark-crime-log/export/main.php;187;"$crime_reported_time_end = get_field( 'crime_report_time_end', $log->ID );";2023-09-06T20:06:05.000000Z;2023-09-06T20:06:05.000000Z
68;get_field;/Users/MPemburn/Dev/clarku-wordpress/wp-content/plugins/clark-crime-log/export/main.php;198;"$crime_location_type = get_field( 'crime_location_type', $log->ID );";2023-09-06T20:06:05.000000Z;2023-09-06T20:06:05.000000Z
69;get_field;/Users/MPemburn/Dev/clarku-wordpress/wp-content/plugins/clark-crime-log/export/main.php;209;"$crime_locations = get_field( 'crime_location', $log->ID );";2023-09-06T20:06:05.000000Z;2023-09-06T20:06:05.000000Z
70;get_field;/Users/MPemburn/Dev/clarku-wordpress/wp-content/plugins/clark-crime-log/export/main.php;227;"$crime_statuses = get_field( 'crime_status', $log->ID );";2023-09-06T20:06:05.000000Z;2023-09-06T20:06:05.000000Z
71;get_field;/Users/MPemburn/Dev/clarku-wordpress/wp-content/plugins/clark-crime-log/export/main.php;245;"$crime_prevention_advice = get_field( 'crime_prevention_advice', $log->ID );";2023-09-06T20:06:05.000000Z;2023-09-06T20:06:05.000000Z
72;get_field;/Users/MPemburn/Dev/clarku-wordpress/wp-content/plugins/clark-crime-log/export/main.php;246;"$crime_prevention_advice_post = get_field( 'crime_prevention_advice_post', $log->ID );";2023-09-06T20:06:05.000000Z;2023-09-06T20:06:05.000000Z
73;get_field;/Users/MPemburn/Dev/clarku-wordpress/wp-content/plugins/acf-input-counter/acf-input-counter.php;229;"$field = get_field_object( $_POST['field_key'] );";2023-09-06T20:06:05.000000Z;2023-09-06T20:06:05.000000Z
74;get_field;/Users/MPemburn/Dev/clarku-wordpress/wp-content/plugins/acf-post-object-by-site/fields/class-acf-field-post_object-by-site.php;98;"$field = acf_get_field( $options['field_key'] );";2023-09-06T20:06:05.000000Z;2023-09-06T20:06:05.000000Z
75;get_field;/Users/MPemburn/Dev/clarku-wordpress/wp-content/plugins/clark-faculty-profiles/src/faculty/class-faculty.php;205;"public function get_field( $field_name ) {";2023-09-06T20:06:05.000000Z;2023-09-06T20:06:05.000000Z
76;get_field;/Users/MPemburn/Dev/clarku-wordpress/wp-content/plugins/clark-faculty-profiles/src/faculty/class-faculty.php;210;"if ( function_exists( '\\get_field' ) ) {";2023-09-06T20:06:05.000000Z;2023-09-06T20:06:05.000000Z
77;get_field;/Users/MPemburn/Dev/clarku-wordpress/wp-content/plugins/clark-faculty-profiles/src/faculty/class-faculty.php;211;"$value = get_field( $field_name, $this->wp_post_id );";2023-09-06T20:06:05.000000Z;2023-09-06T20:06:05.000000Z
78;get_field;/Users/MPemburn/Dev/clarku-wordpress/wp-content/plugins/clark-faculty-profiles/src/faculty/class-faculty.php;267;"$department_link = get_field( 'department_link', 'faculty_department_' . $wp_department->term_id );";2023-09-06T20:06:05.000000Z;2023-09-06T20:06:05.000000Z
79;get_field;/Users/MPemburn/Dev/clarku-wordpress/wp-content/plugins/clark-faculty-profiles/src/faculty/class-faculty.php;394;"return $this->get_field( 'faculty_cv' );";2023-09-06T20:06:05.000000Z;2023-09-06T20:06:05.000000Z
80;get_field;/Users/MPemburn/Dev/clarku-wordpress/wp-content/plugins/clark-faculty-profiles/src/faculty/class-faculty.php;424;"return $this->get_field( 'faculty_location' );";2023-09-06T20:06:05.000000Z;2023-09-06T20:06:05.000000Z
81;get_field;/Users/MPemburn/Dev/clarku-wordpress/wp-content/plugins/clark-faculty-profiles/src/faculty/class-faculty.php;431;"return $this->get_field( 'faculty_phone' );";2023-09-06T20:06:05.000000Z;2023-09-06T20:06:05.000000Z
82;get_field;/Users/MPemburn/Dev/clarku-wordpress/wp-content/plugins/clark-faculty-profiles/src/faculty/class-faculty.php;438;"return $this->get_field( 'faculty_links' );";2023-09-06T20:06:05.000000Z;2023-09-06T20:06:05.000000Z
83;get_field;/Users/MPemburn/Dev/clarku-wordpress/wp-content/plugins/clark-faculty-profiles/src/faculty/class-faculty.php;445;"return $this->get_field( 'faculty_department_links' );";2023-09-06T20:06:05.000000Z;2023-09-06T20:06:05.000000Z
84;get_field;/Users/MPemburn/Dev/clarku-wordpress/wp-content/plugins/clark-faculty-profiles/src/faculty/class-faculty.php;452;"return $this->get_field( 'faculty_teaching_content' );";2023-09-06T20:06:05.000000Z;2023-09-06T20:06:05.000000Z
85;get_field;/Users/MPemburn/Dev/clarku-wordpress/wp-content/plugins/clark-faculty-profiles/src/faculty/class-faculty.php;459;"return $this->get_field( 'faculty_service_content' );";2023-09-06T20:06:05.000000Z;2023-09-06T20:06:05.000000Z
86;get_field;/Users/MPemburn/Dev/clarku-wordpress/wp-content/plugins/clarku-master-calendar/master-calendar/sync/main.php;451;"$below_content_area    = get_field( 'below_content_area', $event->ID );";2023-09-06T20:06:05.000000Z;2023-09-06T20:06:05.000000Z
87;get_field;/Users/MPemburn/Dev/clarku-wordpress/wp-content/plugins/clarku-master-calendar/master-calendar/sync/main.php;452;"$full_width_components = get_field( 'full_width_components', $event->ID );";2023-09-06T20:06:05.000000Z;2023-09-06T20:06:05.000000Z
88;get_field;/Users/MPemburn/Dev/clarku-wordpress/wp-content/plugins/clarku-master-calendar/master-calendar/sync/main.php;529;"$below_content_area    = get_field( 'below_content_area', $event->ID );";2023-09-06T20:06:05.000000Z;2023-09-06T20:06:05.000000Z
89;get_field;/Users/MPemburn/Dev/clarku-wordpress/wp-content/plugins/clarku-master-calendar/master-calendar/sync/main.php;530;"$full_width_components = get_field( 'full_width_components', $event->ID );";2023-09-06T20:06:05.000000Z;2023-09-06T20:06:05.000000Z
90;get_field;/Users/MPemburn/Dev/clarku-wordpress/wp-content/plugins/clarku-master-calendar/master-calendar/sync/main.php;587;"$below_content_area    = get_field( 'below_content_area', $event->ID );";2023-09-06T20:06:05.000000Z;2023-09-06T20:06:05.000000Z
91;get_field;/Users/MPemburn/Dev/clarku-wordpress/wp-content/plugins/clarku-master-calendar/master-calendar/sync/main.php;588;"$full_width_components = get_field( 'full_width_components', $event->ID );";2023-09-06T20:06:05.000000Z;2023-09-06T20:06:05.000000Z
92;get_field;/Users/MPemburn/Dev/clarku-wordpress/wp-content/plugins/clarku-master-calendar/master-calendar/sync/organizer.php;192;"$below_content_area    = get_field( 'below_content_area', $organizer->ID );";2023-09-06T20:06:05.000000Z;2023-09-06T20:06:05.000000Z
93;get_field;/Users/MPemburn/Dev/clarku-wordpress/wp-content/plugins/clarku-master-calendar/master-calendar/sync/organizer.php;193;"$full_width_components = get_field( 'full_width_components', $organizer->ID );";2023-09-06T20:06:05.000000Z;2023-09-06T20:06:05.000000Z
94;get_field;/Users/MPemburn/Dev/clarku-wordpress/wp-content/plugins/clarku-master-calendar/master-calendar/sync/organizer.php;261;"$below_content_area    = get_field( 'below_content_area', $organizer->ID );";2023-09-06T20:06:05.000000Z;2023-09-06T20:06:05.000000Z
95;get_field;/Users/MPemburn/Dev/clarku-wordpress/wp-content/plugins/clarku-master-calendar/master-calendar/sync/organizer.php;262;"$full_width_components = get_field( 'full_width_components', $organizer->ID );";2023-09-06T20:06:05.000000Z;2023-09-06T20:06:05.000000Z
96;get_field;/Users/MPemburn/Dev/clarku-wordpress/wp-content/plugins/clarku-master-calendar/master-calendar/sync/organizer.php;313;"$below_content_area    = get_field( 'below_content_area', $organizer->ID );";2023-09-06T20:06:05.000000Z;2023-09-06T20:06:05.000000Z
97;get_field;/Users/MPemburn/Dev/clarku-wordpress/wp-content/plugins/clarku-master-calendar/master-calendar/sync/organizer.php;314;"$full_width_components = get_field( 'full_width_components', $organizer->ID );";2023-09-06T20:06:05.000000Z;2023-09-06T20:06:05.000000Z
98;get_field;/Users/MPemburn/Dev/clarku-wordpress/wp-content/plugins/clarku-master-calendar/master-calendar/sync/venues.php;180;"$below_content_area    = get_field( 'below_content_area', $venue->ID );";2023-09-06T20:06:05.000000Z;2023-09-06T20:06:05.000000Z
99;get_field;/Users/MPemburn/Dev/clarku-wordpress/wp-content/plugins/clarku-master-calendar/master-calendar/sync/venues.php;181;"$full_width_components = get_field( 'full_width_components', $venue->ID );";2023-09-06T20:06:05.000000Z;2023-09-06T20:06:05.000000Z
100;get_field;/Users/MPemburn/Dev/clarku-wordpress/wp-content/plugins/clarku-master-calendar/master-calendar/sync/venues.php;249;"$below_content_area    = get_field( 'below_content_area', $venue->ID );";2023-09-06T20:06:05.000000Z;2023-09-06T20:06:05.000000Z
101;get_field;/Users/MPemburn/Dev/clarku-wordpress/wp-content/plugins/clarku-master-calendar/master-calendar/sync/venues.php;250;"$full_width_components = get_field( 'full_width_components', $venue->ID );";2023-09-06T20:06:05.000000Z;2023-09-06T20:06:05.000000Z
102;get_field;/Users/MPemburn/Dev/clarku-wordpress/wp-content/plugins/clarku-master-calendar/master-calendar/sync/venues.php;301;"$below_content_area    = get_field( 'below_content_area', $venue->ID );";2023-09-06T20:06:05.000000Z;2023-09-06T20:06:05.000000Z
103;get_field;/Users/MPemburn/Dev/clarku-wordpress/wp-content/plugins/clarku-master-calendar/master-calendar/sync/venues.php;302;"$full_width_components = get_field( 'full_width_components', $venue->ID );";2023-09-06T20:06:05.000000Z;2023-09-06T20:06:05.000000Z
104;get_field;/Users/MPemburn/Dev/clarku-wordpress/wp-content/themes/clarku/functions.php;47;"$google_maps = get_field( 'google_map_api_key', 'option' );";2023-09-06T20:06:05.000000Z;2023-09-06T20:06:05.000000Z
105;get_field;/Users/MPemburn/Dev/clarku-wordpress/wp-content/themes/clarku/functions.php;218;"$google_maps = get_field( 'google_map_api_key', 'option' );";2023-09-06T20:06:05.000000Z;2023-09-06T20:06:05.000000Z
106;get_field;/Users/MPemburn/Dev/clarku-wordpress/wp-content/themes/clarku/functions.php;300;"$program_type = get_field( 'program_type_page', $program_page->ID );";2023-09-06T20:06:05.000000Z;2023-09-06T20:06:05.000000Z
107;get_field;/Users/MPemburn/Dev/clarku-wordpress/wp-content/themes/clarku/functions.php;322;"$display_title          = get_field( 'program_display_title', $program->ID );";2023-09-06T20:06:05.000000Z;2023-09-06T20:06:05.000000Z
108;get_field;/Users/MPemburn/Dev/clarku-wordpress/wp-content/themes/clarku/functions.php;325;"$link_override = get_field( 'program_link', $program->ID );";2023-09-06T20:06:05.000000Z;2023-09-06T20:06:05.000000Z
109;get_field;/Users/MPemburn/Dev/clarku-wordpress/wp-content/themes/clarku/functions.php;353;"$degree_program_type = get_field( 'degree_program_type', 'program_type_' . $degree->term_id );";2023-09-06T20:06:05.000000Z;2023-09-06T20:06:05.000000Z
110;get_field;/Users/MPemburn/Dev/clarku-wordpress/wp-content/themes/clarku/functions.php;401;"$program_type = get_field( 'program_type_page', $program_page->ID );";2023-09-06T20:06:05.000000Z;2023-09-06T20:06:05.000000Z
111;get_field;/Users/MPemburn/Dev/clarku-wordpress/wp-content/themes/clarku/functions.php;482;"$program_page = get_field( 'associated_program', $tuition_page->ID );";2023-09-06T20:06:05.000000Z;2023-09-06T20:06:05.000000Z
112;get_field;/Users/MPemburn/Dev/clarku-wordpress/wp-content/themes/clarku/functions.php;485;"$tuition_page->content = clarku_render_flexible_content( get_field( 'tuition_page_content', $tuition_page->ID ) );";2023-09-06T20:06:05.000000Z;2023-09-06T20:06:05.000000Z
113;get_field;/Users/MPemburn/Dev/clarku-wordpress/wp-content/themes/clarku/functions.php;493;"$display_title       = get_field( 'program_display_title', $program_post->ID );";2023-09-06T20:06:05.000000Z;2023-09-06T20:06:05.000000Z
114;get_field;/Users/MPemburn/Dev/clarku-wordpress/wp-content/themes/clarku/functions.php;494;"$scholarship_display = get_field( 'scholarship_display', $program_post->ID );";2023-09-06T20:06:05.000000Z;2023-09-06T20:06:05.000000Z
115;get_field;/Users/MPemburn/Dev/clarku-wordpress/wp-content/themes/clarku/functions.php;504;"$program_post->scholarships = get_field( 'program_scholarships', $program_post->ID );";2023-09-06T20:06:05.000000Z;2023-09-06T20:06:05.000000Z
116;get_field;/Users/MPemburn/Dev/clarku-wordpress/wp-content/themes/clarku/functions.php;512;"$tuition_fields = get_fields( $tuition_page->ID );";2023-09-06T20:06:05.000000Z;2023-09-06T20:06:05.000000Z
117;get_field;/Users/MPemburn/Dev/clarku-wordpress/wp-content/themes/clarku/functions.php;530;"$degree_program_type = get_field( 'degree_program_type', 'program_type_' . $degree->term_id );";2023-09-06T20:06:05.000000Z;2023-09-06T20:06:05.000000Z
118;get_field;/Users/MPemburn/Dev/clarku-wordpress/wp-content/themes/clarku/functions.php;551;"$scholarships[ $school->term_id ] = get_field( 'scholarships', 'program_school_' . $school->term_id );";2023-09-06T20:06:05.000000Z;2023-09-06T20:06:05.000000Z
119;get_field;/Users/MPemburn/Dev/clarku-wordpress/wp-content/themes/clarku/functions.php;1072;"$use_main_network_header = get_field( 'use_main_network_header', 'option' );";2023-09-06T20:06:05.000000Z;2023-09-06T20:06:05.000000Z
120;get_field;/Users/MPemburn/Dev/clarku-wordpress/wp-content/themes/clarku/functions.php;1137;"return clarku_render_flexible_content( get_field( 'reusable_flexible_content', $post_id ) );";2023-09-06T20:06:05.000000Z;2023-09-06T20:06:05.000000Z
121;get_field;/Users/MPemburn/Dev/clarku-wordpress/wp-content/themes/clarku/functions.php;1370;"if ( 'category' === $term->taxonomy && get_field( 'hide_category_from_all_stories', $term ) ) {";2023-09-06T20:06:05.000000Z;2023-09-06T20:06:05.000000Z
122;get_field;/Users/MPemburn/Dev/clarku-wordpress/wp-content/themes/clarku/functions.php;1380;"$array[ $key ]['icon'] = get_field( 'media_type_icon', 'media_type_' . $term->term_id );";2023-09-06T20:06:05.000000Z;2023-09-06T20:06:05.000000Z
123;get_field;/Users/MPemburn/Dev/clarku-wordpress/wp-content/themes/clarku/functions.php;1408;"$pull_post = get_field( 'pull_story_from_clarknow_field', $post->ID );";2023-09-06T20:06:05.000000Z;2023-09-06T20:06:05.000000Z
124;get_field;/Users/MPemburn/Dev/clarku-wordpress/wp-content/themes/clarku/functions.php;1416;"$section_label = get_field( 'section_label', $post->ID );";2023-09-06T20:06:05.000000Z;2023-09-06T20:06:05.000000Z
125;get_field;/Users/MPemburn/Dev/clarku-wordpress/wp-content/themes/clarku/functions.php;1423;"$section_label = get_field( 'section_label', $post->ID );";2023-09-06T20:06:05.000000Z;2023-09-06T20:06:05.000000Z
126;get_field;/Users/MPemburn/Dev/clarku-wordpress/wp-content/themes/clarku/functions.php;1482;"'section_label' => get_field( 'section_label', $post->ID ),";2023-09-06T20:06:05.000000Z;2023-09-06T20:06:05.000000Z
127;get_field;/Users/MPemburn/Dev/clarku-wordpress/wp-content/themes/clarku/functions.php;1601;"$content_layouts = get_field( 'full_width_components' );";2023-09-06T20:06:05.000000Z;2023-09-06T20:06:05.000000Z
128;get_field;/Users/MPemburn/Dev/clarku-wordpress/wp-content/themes/clarku/inc/faculty-listing/profiles.php;134;"public function get_field( $field_name ) {";2023-09-06T20:06:05.000000Z;2023-09-06T20:06:05.000000Z
129;get_field;/Users/MPemburn/Dev/clarku-wordpress/wp-content/themes/clarku/inc/faculty-listing/profiles.php;139;"if ( function_exists( '\\get_field' ) ) {";2023-09-06T20:06:05.000000Z;2023-09-06T20:06:05.000000Z
130;get_field;/Users/MPemburn/Dev/clarku-wordpress/wp-content/themes/clarku/inc/faculty-listing/profiles.php;142;"$value = get_field( $field_name, $this->wp_post_id );";2023-09-06T20:06:05.000000Z;2023-09-06T20:06:05.000000Z
131;get_field;/Users/MPemburn/Dev/clarku-wordpress/wp-content/themes/clarku/inc/faculty-listing/profiles.php;158;"return $this->get_field( 'faculty_location' );";2023-09-06T20:06:05.000000Z;2023-09-06T20:06:05.000000Z
132;get_field;/Users/MPemburn/Dev/clarku-wordpress/wp-content/themes/clarku/inc/faculty-listing/profiles.php;165;"return $this->get_field( 'faculty_phone' );";2023-09-06T20:06:05.000000Z;2023-09-06T20:06:05.000000Z
133;get_field;/Users/MPemburn/Dev/clarku-wordpress/wp-content/themes/clarku/inc/directory/class-staff-directory.php;626;"$merged_data[ $index ]->link = get_field( 'department_link', 'department_' . $department->term_id );";2023-09-06T20:06:05.000000Z;2023-09-06T20:06:05.000000Z
134;get_field;/Users/MPemburn/Dev/clarku-wordpress/wp-content/themes/clarku/inc/theme-functions.php;187;"$hide_padding = get_field( 'hide_padding' );";2023-09-06T20:06:05.000000Z;2023-09-06T20:06:05.000000Z
135;get_field;/Users/MPemburn/Dev/clarku-wordpress/wp-content/themes/clarku/inc/theme-functions.php;348;"} elseif ( get_field( 'thumbnail_image', $post_id ) ) {";2023-09-06T20:06:05.000000Z;2023-09-06T20:06:05.000000Z
136;get_field;/Users/MPemburn/Dev/clarku-wordpress/wp-content/themes/clarku/inc/theme-functions.php;350;"$img_id = get_field( 'thumbnail_image', $post_id );";2023-09-06T20:06:05.000000Z;2023-09-06T20:06:05.000000Z
137;get_field;/Users/MPemburn/Dev/clarku-wordpress/wp-content/themes/clarku/inc/theme-functions.php;358;"if ( get_field( 'placeholder_image', 'option' ) ) {";2023-09-06T20:06:05.000000Z;2023-09-06T20:06:05.000000Z
138;get_field;/Users/MPemburn/Dev/clarku-wordpress/wp-content/themes/clarku/inc/theme-functions.php;359;"$img_id = get_field( 'placeholder_image', 'option' );";2023-09-06T20:06:05.000000Z;2023-09-06T20:06:05.000000Z
139;get_field;/Users/MPemburn/Dev/clarku-wordpress/wp-content/themes/clarku/inc/theme-functions.php;397;"} elseif ( get_field( 'thumbnail_image', $post_id ) ) {";2023-09-06T20:06:05.000000Z;2023-09-06T20:06:05.000000Z
140;get_field;/Users/MPemburn/Dev/clarku-wordpress/wp-content/themes/clarku/inc/theme-functions.php;398;"$img_id = get_field( 'thumbnail_image', $post_id );";2023-09-06T20:06:05.000000Z;2023-09-06T20:06:05.000000Z
141;get_field;/Users/MPemburn/Dev/clarku-wordpress/wp-content/themes/clarku/inc/theme-functions.php;440;"$short_title = get_field( 'short_title', $post->ID );";2023-09-06T20:06:05.000000Z;2023-09-06T20:06:05.000000Z
142;get_field;/Users/MPemburn/Dev/clarku-wordpress/wp-content/themes/clarku/inc/theme-functions.php;460;"$short_excerpt = get_field( 'short_excerpt', $post->ID );";2023-09-06T20:06:05.000000Z;2023-09-06T20:06:05.000000Z
143;get_field;/Users/MPemburn/Dev/clarku-wordpress/wp-content/themes/clarku/inc/theme-functions.php;465;"return trim_string_to_char_count( get_field( 'excerpt', $post->ID ), 75 );";2023-09-06T20:06:05.000000Z;2023-09-06T20:06:05.000000Z
144;get_field;/Users/MPemburn/Dev/clarku-wordpress/wp-content/themes/clarku/single-initiative.php;5;"$updates = get_field( 'updates' );";2023-09-06T20:06:05.000000Z;2023-09-06T20:06:05.000000Z
145;get_field;/Users/MPemburn/Dev/clarku-wordpress/wp-content/themes/clarku/single-initiative.php;11;"$optional_component = get_field( 'sub_hero_optional_component' )[0];";2023-09-06T20:06:05.000000Z;2023-09-06T20:06:05.000000Z
146;get_field;/Users/MPemburn/Dev/clarku-wordpress/wp-content/themes/clarku/single-initiative.php;18;"$content_layouts = get_field( 'below_content_area' );";2023-09-06T20:06:05.000000Z;2023-09-06T20:06:05.000000Z
147;get_field;/Users/MPemburn/Dev/clarku-wordpress/wp-content/themes/clarku/sidebar-initiative.php;6;"<?php $cta_button = get_field( 'cta_button' ); ?>";2023-09-06T20:06:05.000000Z;2023-09-06T20:06:05.000000Z
148;get_field;/Users/MPemburn/Dev/clarku-wordpress/wp-content/themes/clarku/sidebar-initiative.php;10;"$button_color = get_field( 'cta_button_color_main' );";2023-09-06T20:06:05.000000Z;2023-09-06T20:06:05.000000Z
149;get_field;/Users/MPemburn/Dev/clarku-wordpress/wp-content/themes/clarku/sidebar-initiative.php;22;"$cta_buttons = get_field( 'cta_buttons' );";2023-09-06T20:06:05.000000Z;2023-09-06T20:06:05.000000Z
150;get_field;/Users/MPemburn/Dev/clarku-wordpress/wp-content/themes/clarku/sidebar-initiative.php;55;"$sidebar_content = get_field( 'sidebar_content' );";2023-09-06T20:06:05.000000Z;2023-09-06T20:06:05.000000Z
151;get_field;/Users/MPemburn/Dev/clarku-wordpress/wp-content/themes/clarku/single-aiovg_videos.php;4;"$optional_component = get_field( 'sub_hero_optional_component' )[0];";2023-09-06T20:06:05.000000Z;2023-09-06T20:06:05.000000Z
152;get_field;/Users/MPemburn/Dev/clarku-wordpress/wp-content/themes/clarku/single-aiovg_videos.php;11;"$content_layouts = get_field( 'below_content_area' );";2023-09-06T20:06:05.000000Z;2023-09-06T20:06:05.000000Z
153;get_field;/Users/MPemburn/Dev/clarku-wordpress/wp-content/themes/clarku/comments.php;26;"$responses_text = get_field( 'view_responses_text' );";2023-09-06T20:06:05.000000Z;2023-09-06T20:06:05.000000Z
154;get_field;/Users/MPemburn/Dev/clarku-wordpress/wp-content/themes/clarku/comments.php;65;"$post_comment_title_text  = get_field( 'post_comment_title_text' );";2023-09-06T20:06:05.000000Z;2023-09-06T20:06:05.000000Z
155;get_field;/Users/MPemburn/Dev/clarku-wordpress/wp-content/themes/clarku/comments.php;66;"$post_comment_button_text = get_field( 'post_comment_button_text' );";2023-09-06T20:06:05.000000Z;2023-09-06T20:06:05.000000Z
156;get_field;/Users/MPemburn/Dev/clarku-wordpress/wp-content/themes/clarku/tribe/events/v2/list.php;34;"$optional_component = get_field( 'sub_hero_optional_component' );";2023-09-06T20:06:05.000000Z;2023-09-06T20:06:05.000000Z
157;get_field;/Users/MPemburn/Dev/clarku-wordpress/wp-content/themes/clarku/components/research-map.php;64;"$project->location = get_field( 'project_location', $project->ID );";2023-09-06T20:06:05.000000Z;2023-09-06T20:06:05.000000Z
158;get_field;/Users/MPemburn/Dev/clarku-wordpress/wp-content/themes/clarku/components/research-map.php;70;"$label = get_field( 'location_label', $project->ID );";2023-09-06T20:06:05.000000Z;2023-09-06T20:06:05.000000Z
159;get_field;/Users/MPemburn/Dev/clarku-wordpress/wp-content/themes/clarku/components/tabs/two-column-special.php;57;"$reusable_content = get_field( 'reusable_flexible_content', $post->ID );";2023-09-06T20:06:05.000000Z;2023-09-06T20:06:05.000000Z
160;get_field;/Users/MPemburn/Dev/clarku-wordpress/wp-content/themes/clarku/components/latest-stories.php;55;"$pull_post = get_field( 'pull_story_from_clarknow_field', $story->ID );";2023-09-06T20:06:05.000000Z;2023-09-06T20:06:05.000000Z
161;get_field;/Users/MPemburn/Dev/clarku-wordpress/wp-content/themes/clarku/components/latest-stories.php;62;"$section_label   = get_field( 'section_label', $story->ID );";2023-09-06T20:06:05.000000Z;2023-09-06T20:06:05.000000Z
162;get_field;/Users/MPemburn/Dev/clarku-wordpress/wp-content/themes/clarku/components/latest-stories.php;72;"$section_label = get_field( 'section_label', $story->ID );";2023-09-06T20:06:05.000000Z;2023-09-06T20:06:05.000000Z
163;get_field;/Users/MPemburn/Dev/clarku-wordpress/wp-content/themes/clarku/components/latest-stories.php;142;"$pull_post = get_field( 'pull_story_from_clarknow_field', $story->ID );";2023-09-06T20:06:05.000000Z;2023-09-06T20:06:05.000000Z
164;get_field;/Users/MPemburn/Dev/clarku-wordpress/wp-content/themes/clarku/components/latest-stories.php;149;"$section_label = get_field( 'section_label', $story->ID );";2023-09-06T20:06:05.000000Z;2023-09-06T20:06:05.000000Z
165;get_field;/Users/MPemburn/Dev/clarku-wordpress/wp-content/themes/clarku/components/latest-stories.php;159;"$section_label = get_field( 'section_label', $story->ID );";2023-09-06T20:06:05.000000Z;2023-09-06T20:06:05.000000Z
166;get_field;/Users/MPemburn/Dev/clarku-wordpress/wp-content/themes/clarku/components/in-the-news-content.php;84;"<div class=""subtitle""><?php echo esc_html( get_field( 'publication', $news_item->ID ) ); ?></div>";2023-09-06T20:06:05.000000Z;2023-09-06T20:06:05.000000Z
167;get_field;/Users/MPemburn/Dev/clarku-wordpress/wp-content/themes/clarku/components/flexible-news-and-events/news.php;36;"$pull_post = get_field( 'pull_story_from_clarknow_field', $news_item->ID );";2023-09-06T20:06:05.000000Z;2023-09-06T20:06:05.000000Z
168;get_field;/Users/MPemburn/Dev/clarku-wordpress/wp-content/themes/clarku/components/deadlines.php;66;"if ( get_field( 'hide_degree_from_deadlines', 'degree_' . $degree->term_id ) ) {";2023-09-06T20:06:05.000000Z;2023-09-06T20:06:05.000000Z
169;get_field;/Users/MPemburn/Dev/clarku-wordpress/wp-content/themes/clarku/components/footer-links.php;18;"$footer_links = get_field( 'footer_links', 'option' );";2023-09-06T20:06:05.000000Z;2023-09-06T20:06:05.000000Z
170;get_field;/Users/MPemburn/Dev/clarku-wordpress/wp-content/themes/clarku/components/intro-copy.php;26;"$hide_story_date = get_field( 'hide_story_date' );";2023-09-06T20:06:05.000000Z;2023-09-06T20:06:05.000000Z
171;get_field;/Users/MPemburn/Dev/clarku-wordpress/wp-content/themes/clarku/components/carousel/courses.php;27;"<p class=""subtitle grey""><?php echo esc_html( get_field( 'course_id', $post->ID ) ); ?></p>";2023-09-06T20:06:05.000000Z;2023-09-06T20:06:05.000000Z
172;get_field;/Users/MPemburn/Dev/clarku-wordpress/wp-content/themes/clarku/components/carousel/courses.php;32;"$courses_link = get_field( 'course_link', $post->ID );";2023-09-06T20:06:05.000000Z;2023-09-06T20:06:05.000000Z
173;get_field;/Users/MPemburn/Dev/clarku-wordpress/wp-content/themes/clarku/components/carousel/courses.php;66;"<div class=""content p__small""><?php echo wp_kses_post( get_field( 'content', $post->ID ) ); ?></div>";2023-09-06T20:06:05.000000Z;2023-09-06T20:06:05.000000Z
174;get_field;/Users/MPemburn/Dev/clarku-wordpress/wp-content/themes/clarku/components/sub-hero.php;98;"if ( ! is_front_page() || get_field( 'show_sub_hero_title' ) ) :";2023-09-06T20:06:05.000000Z;2023-09-06T20:06:05.000000Z
175;get_field;/Users/MPemburn/Dev/clarku-wordpress/wp-content/themes/clarku/components/handpicked-stories.php;45;"$pull_post = get_field( 'pull_story_from_clarknow_field', $story->ID );";2023-09-06T20:06:05.000000Z;2023-09-06T20:06:05.000000Z
176;get_field;/Users/MPemburn/Dev/clarku-wordpress/wp-content/themes/clarku/components/course-surfer.php;110;"$course['course_code']        = get_Field( 'course_code', $course['course']->ID );";2023-09-06T20:06:05.000000Z;2023-09-06T20:06:05.000000Z
177;get_field;/Users/MPemburn/Dev/clarku-wordpress/wp-content/themes/clarku/components/course-surfer.php;111;"$course['course_title']       = get_field( 'course_title', $course['course']->ID );";2023-09-06T20:06:05.000000Z;2023-09-06T20:06:05.000000Z
178;get_field;/Users/MPemburn/Dev/clarku-wordpress/wp-content/themes/clarku/components/course-surfer.php;112;"$course['course_description'] = get_field( 'course_description', $course['course']->ID );";2023-09-06T20:06:05.000000Z;2023-09-06T20:06:05.000000Z
179;get_field;/Users/MPemburn/Dev/clarku-wordpress/wp-content/themes/clarku/components/course-surfer.php;113;"$course['course_button']      = get_field( 'course_button', $course['course']->ID );";2023-09-06T20:06:05.000000Z;2023-09-06T20:06:05.000000Z
180;get_field;/Users/MPemburn/Dev/clarku-wordpress/wp-content/themes/clarku/components/sidebar-content.php;30;"$reusable_content = get_field( 'reusable_flexible_content', $post->ID );";2023-09-06T20:06:05.000000Z;2023-09-06T20:06:05.000000Z
181;get_field;/Users/MPemburn/Dev/clarku-wordpress/wp-content/themes/clarku/components/initiatives.php;39;"$color = get_field( 'status_color', 'dei_status_' . $status->term_id );";2023-09-06T20:06:05.000000Z;2023-09-06T20:06:05.000000Z
182;get_field;/Users/MPemburn/Dev/clarku-wordpress/wp-content/themes/clarku/components/initiatives.php;122;"<?php $tooltip = get_field( 'status_tooltip', 'dei_status_' . $the_status->term_id ); ?>";2023-09-06T20:06:05.000000Z;2023-09-06T20:06:05.000000Z
183;get_field;/Users/MPemburn/Dev/clarku-wordpress/wp-content/themes/clarku/components/initiatives.php;152;"$updates = get_field( 'updates', $initiative->ID );";2023-09-06T20:06:05.000000Z;2023-09-06T20:06:05.000000Z
184;get_field;/Users/MPemburn/Dev/clarku-wordpress/wp-content/themes/clarku/components/sidebar.php;13;"$sidebar_links = get_field( 'sidebar_links' );";2023-09-06T20:06:05.000000Z;2023-09-06T20:06:05.000000Z
185;get_field;/Users/MPemburn/Dev/clarku-wordpress/wp-content/themes/clarku/components/sidebar.php;74;"if ( ! get_field( 'hide_siblings' ) ) {";2023-09-06T20:06:05.000000Z;2023-09-06T20:06:05.000000Z
186;get_field;/Users/MPemburn/Dev/clarku-wordpress/wp-content/themes/clarku/components/sidebar.php;80;"if ( 0 === count( $children->posts ) && ! get_field( 'only_show_siblings' ) ) {";2023-09-06T20:06:05.000000Z;2023-09-06T20:06:05.000000Z
187;get_field;/Users/MPemburn/Dev/clarku-wordpress/wp-content/themes/clarku/components/hero-slider.php;76;"$hide_class = get_field( 'hide_text_box' ) ? 'no-textbox' : '';";2023-09-06T20:06:05.000000Z;2023-09-06T20:06:05.000000Z
188;get_field;/Users/MPemburn/Dev/clarku-wordpress/wp-content/themes/clarku/components/hero-slider.php;118;"<?php if ( ! get_field( 'hide_text_box' ) ) : ?>";2023-09-06T20:06:05.000000Z;2023-09-06T20:06:05.000000Z
189;get_field;/Users/MPemburn/Dev/clarku-wordpress/wp-content/themes/clarku/components/hero-slider.php;120;"$hero_slide_box_position = get_field( 'hero_slide_box_position' );";2023-09-06T20:06:05.000000Z;2023-09-06T20:06:05.000000Z
190;get_field;/Users/MPemburn/Dev/clarku-wordpress/wp-content/themes/clarku/header.php;24;"$subhero      = get_field( 'sub_hero_optional_component' );";2023-09-06T20:06:05.000000Z;2023-09-06T20:06:05.000000Z
191;get_field;/Users/MPemburn/Dev/clarku-wordpress/wp-content/themes/clarku/header.php;39;"'enabled' => get_field( 'emergency_notification_enabled', 'option' ),";2023-09-06T20:06:05.000000Z;2023-09-06T20:06:05.000000Z
192;get_field;/Users/MPemburn/Dev/clarku-wordpress/wp-content/themes/clarku/header.php;40;"'message' => get_field( 'emergency_notification_message', 'option' ),";2023-09-06T20:06:05.000000Z;2023-09-06T20:06:05.000000Z
193;get_field;/Users/MPemburn/Dev/clarku-wordpress/wp-content/themes/clarku/header.php;41;"'style'   => get_field( 'emergency_notification_style', 'option' ),";2023-09-06T20:06:05.000000Z;2023-09-06T20:06:05.000000Z
194;get_field;/Users/MPemburn/Dev/clarku-wordpress/wp-content/themes/clarku/header.php;48;"'enabled'  => get_field( 'emergency_notification_repeater_enabled', 'option' ),";2023-09-06T20:06:05.000000Z;2023-09-06T20:06:05.000000Z
195;get_field;/Users/MPemburn/Dev/clarku-wordpress/wp-content/themes/clarku/header.php;49;"'repeater' => get_field( 'emergency_notification_repeater', 'option' ),";2023-09-06T20:06:05.000000Z;2023-09-06T20:06:05.000000Z
196;get_field;/Users/MPemburn/Dev/clarku-wordpress/wp-content/themes/clarku/header.php;73;"if ( get_field( 'mobile_nav_buttons', 'option' ) && get_component( 'link.php' ) ) {";2023-09-06T20:06:05.000000Z;2023-09-06T20:06:05.000000Z
197;get_field;/Users/MPemburn/Dev/clarku-wordpress/wp-content/themes/clarku/header.php;74;"foreach ( get_field( 'mobile_nav_buttons', 'option' ) as $link ) {";2023-09-06T20:06:05.000000Z;2023-09-06T20:06:05.000000Z
198;get_field;/Users/MPemburn/Dev/clarku-wordpress/wp-content/themes/clarku/header.php;195;"if ( get_component( 'mobile-cta-buttons.php' ) && get_field( 'mobile_nav_buttons', 'option' ) ) {";2023-09-06T20:06:05.000000Z;2023-09-06T20:06:05.000000Z
199;get_field;/Users/MPemburn/Dev/clarku-wordpress/wp-content/themes/clarku/header.php;196;"Components\mobile_cta_buttons( get_field( 'mobile_nav_buttons', 'option' ) );";2023-09-06T20:06:05.000000Z;2023-09-06T20:06:05.000000Z
200;get_field;/Users/MPemburn/Dev/clarku-wordpress/wp-content/themes/clarku/header.php;226;"$search_terms = get_field( 'popular_searches', 'option' );";2023-09-06T20:06:05.000000Z;2023-09-06T20:06:05.000000Z
201;get_field;/Users/MPemburn/Dev/clarku-wordpress/wp-content/themes/clarku/header.php;240;"<p class=""title""><?php echo esc_html( get_field( 'take_action_title', 'option' ) ); ?></p>";2023-09-06T20:06:05.000000Z;2023-09-06T20:06:05.000000Z
202;get_field;/Users/MPemburn/Dev/clarku-wordpress/wp-content/themes/clarku/header.php;244;"$blocks = get_field( 'take_action_ctas', 'option' );";2023-09-06T20:06:05.000000Z;2023-09-06T20:06:05.000000Z
203;get_field;/Users/MPemburn/Dev/clarku-wordpress/wp-content/themes/clarku/footer.php;16;"$ctas = get_field( 'calls_to_action', 'option' );";2023-09-06T20:06:05.000000Z;2023-09-06T20:06:05.000000Z
204;get_field;/Users/MPemburn/Dev/clarku-wordpress/wp-content/themes/clarku/footer.php;67;"$follow_us = get_field( 'follow_us', 'option' );";2023-09-06T20:06:05.000000Z;2023-09-06T20:06:05.000000Z
205;get_field;/Users/MPemburn/Dev/clarku-wordpress/wp-content/themes/clarku/footer.php;96;"<?php echo esc_html( get_field( 'phone_number', 'option' ) ); ?>";2023-09-06T20:06:05.000000Z;2023-09-06T20:06:05.000000Z
206;get_field;/Users/MPemburn/Dev/clarku-wordpress/wp-content/themes/clarku/footer.php;102;"<?php echo wp_kses_post( get_field( 'address', 'option' ) ); ?>";2023-09-06T20:06:05.000000Z;2023-09-06T20:06:05.000000Z
207;get_field;/Users/MPemburn/Dev/clarku-wordpress/wp-content/themes/clarku/templates/office-directory.php;6;"$optional_component = get_field( 'sub_hero_optional_component' )[0];";2023-09-06T20:06:05.000000Z;2023-09-06T20:06:05.000000Z
208;get_field;/Users/MPemburn/Dev/clarku-wordpress/wp-content/themes/clarku/templates/leep-journey.php;6;"$optional_component = get_field( 'leep_sub_hero_optional_component' )[0];";2023-09-06T20:06:05.000000Z;2023-09-06T20:06:05.000000Z
209;get_field;/Users/MPemburn/Dev/clarku-wordpress/wp-content/themes/clarku/templates/leep-journey.php;13;"$content_layouts = get_field( 'below_content_area' );";2023-09-06T20:06:05.000000Z;2023-09-06T20:06:05.000000Z
210;get_field;/Users/MPemburn/Dev/clarku-wordpress/wp-content/themes/clarku/templates/leep-journey.php;47;"$next_post = get_field( 'next_leep_link' );";2023-09-06T20:06:05.000000Z;2023-09-06T20:06:05.000000Z
211;get_field;/Users/MPemburn/Dev/clarku-wordpress/wp-content/themes/clarku/templates/leep-journey.php;48;"$prev_post = get_field( 'previous_leep_link' );";2023-09-06T20:06:05.000000Z;2023-09-06T20:06:05.000000Z
212;get_field;/Users/MPemburn/Dev/clarku-wordpress/wp-content/themes/clarku/templates/staff-directory.php;6;"$optional_component = get_field( 'sub_hero_optional_component' )[0];";2023-09-06T20:06:05.000000Z;2023-09-06T20:06:05.000000Z
213;get_field;/Users/MPemburn/Dev/clarku-wordpress/wp-content/themes/clarku/templates/program-finder.php;6;"$optional_component = get_field( 'sub_hero_optional_component' )[0];";2023-09-06T20:06:05.000000Z;2023-09-06T20:06:05.000000Z
214;get_field;/Users/MPemburn/Dev/clarku-wordpress/wp-content/themes/clarku/templates/tuition-builder.php;14;"$optional_component = get_field( 'sub_hero_optional_component' )[0];";2023-09-06T20:06:05.000000Z;2023-09-06T20:06:05.000000Z
215;get_field;/Users/MPemburn/Dev/clarku-wordpress/wp-content/themes/clarku/templates/single/related-stories.php;17;"$related_stories_hidden = get_fields( $post->ID )['related_stories_hidden'] ?? null;";2023-09-06T20:06:05.000000Z;2023-09-06T20:06:05.000000Z
216;get_field;/Users/MPemburn/Dev/clarku-wordpress/wp-content/themes/clarku/templates/single/media-contacts.php;16;"$title = get_field( 'title', ""media_contact_$contact->term_id"" );";2023-09-06T20:06:05.000000Z;2023-09-06T20:06:05.000000Z
217;get_field;/Users/MPemburn/Dev/clarku-wordpress/wp-content/themes/clarku/templates/single/media-contacts.php;17;"$phone = get_field( 'phone_number', ""media_contact_$contact->term_id"" );";2023-09-06T20:06:05.000000Z;2023-09-06T20:06:05.000000Z
218;get_field;/Users/MPemburn/Dev/clarku-wordpress/wp-content/themes/clarku/templates/single/media-contacts.php;18;"$email = sanitize_email( get_field( 'email', ""media_contact_$contact->term_id"" ) );";2023-09-06T20:06:05.000000Z;2023-09-06T20:06:05.000000Z
219;get_field;/Users/MPemburn/Dev/clarku-wordpress/wp-content/themes/clarku/templates/sticky-nav.php;6;"$optional_component = get_field( 'sub_hero_optional_component' )[0];";2023-09-06T20:06:05.000000Z;2023-09-06T20:06:05.000000Z
220;get_field;/Users/MPemburn/Dev/clarku-wordpress/wp-content/themes/clarku/templates/sticky-nav.php;13;"$content_layouts = get_field( 'below_content_area' );";2023-09-06T20:06:05.000000Z;2023-09-06T20:06:05.000000Z
221;get_field;/Users/MPemburn/Dev/clarku-wordpress/wp-content/themes/clarku/templates/sticky-nav.php;18;"$layouts         = get_field( 'full_width_components' );";2023-09-06T20:06:05.000000Z;2023-09-06T20:06:05.000000Z
222;get_field;/Users/MPemburn/Dev/clarku-wordpress/wp-content/themes/clarku/templates/sticky-nav.php;58;"$below      = get_field( 'below_content_area' );";2023-09-06T20:06:05.000000Z;2023-09-06T20:06:05.000000Z
223;get_field;/Users/MPemburn/Dev/clarku-wordpress/wp-content/themes/clarku/templates/landing.php;6;"$optional_component = get_field( 'sub_hero_optional_component' )[0];";2023-09-06T20:06:05.000000Z;2023-09-06T20:06:05.000000Z
224;get_field;/Users/MPemburn/Dev/clarku-wordpress/wp-content/themes/clarku/templates/events-landing.php;5;"$optional_component = get_field( 'sub_hero_optional_component' );";2023-09-06T20:06:05.000000Z;2023-09-06T20:06:05.000000Z
225;get_field;/Users/MPemburn/Dev/clarku-wordpress/wp-content/themes/clarku/templates/program-subpage.php;10;"$optional_component = get_field( 'sub_hero_optional_component' )[0];";2023-09-06T20:06:05.000000Z;2023-09-06T20:06:05.000000Z
226;get_field;/Users/MPemburn/Dev/clarku-wordpress/wp-content/themes/clarku/templates/program-subpage.php;17;"$content_layouts = get_field( 'below_content_area' );";2023-09-06T20:06:05.000000Z;2023-09-06T20:06:05.000000Z
227;get_field;/Users/MPemburn/Dev/clarku-wordpress/wp-content/themes/clarku/templates/events/single-event.php;10;"$optional_component = get_field( 'sub_hero_optional_component' );";2023-09-06T20:06:05.000000Z;2023-09-06T20:06:05.000000Z
228;get_field;/Users/MPemburn/Dev/clarku-wordpress/wp-content/themes/clarku/templates/homepage.php;6;"$hero_slides    = get_field( 'hero_slides' );";2023-09-06T20:06:05.000000Z;2023-09-06T20:06:05.000000Z
229;get_field;/Users/MPemburn/Dev/clarku-wordpress/wp-content/themes/clarku/templates/homepage.php;7;"$hero_video     = get_field( 'hero_video' );";2023-09-06T20:06:05.000000Z;2023-09-06T20:06:05.000000Z
230;get_field;/Users/MPemburn/Dev/clarku-wordpress/wp-content/themes/clarku/templates/homepage.php;8;"$use_new_hero   = get_field( 'use_new_hero' );";2023-09-06T20:06:05.000000Z;2023-09-06T20:06:05.000000Z
231;get_field;/Users/MPemburn/Dev/clarku-wordpress/wp-content/themes/clarku/templates/homepage.php;9;"$hero_sections  = get_field( 'hero_sections' );";2023-09-06T20:06:05.000000Z;2023-09-06T20:06:05.000000Z
232;get_field;/Users/MPemburn/Dev/clarku-wordpress/wp-content/themes/clarku/templates/homepage.php;10;"$homepage_alert = get_field( 'homepage_alert' );";2023-09-06T20:06:05.000000Z;2023-09-06T20:06:05.000000Z
233;get_field;/Users/MPemburn/Dev/clarku-wordpress/wp-content/themes/clarku/templates/search-results.php;29;"<?php if ( empty( $query ) && ! empty( get_field( 'popular_searches', 'option' ) ) ) : ?>";2023-09-06T20:06:05.000000Z;2023-09-06T20:06:05.000000Z
234;get_field;/Users/MPemburn/Dev/clarku-wordpress/wp-content/themes/clarku/templates/search-results.php;37;"$search_terms = get_field( 'popular_searches', 'option' );";2023-09-06T20:06:05.000000Z;2023-09-06T20:06:05.000000Z
235;get_field;/Users/MPemburn/Dev/clarku-wordpress/wp-content/themes/clarku/single.php;11;"'sub_title' => get_field( 'section_label' ),";2023-09-06T20:06:05.000000Z;2023-09-06T20:06:05.000000Z
236;get_field;/Users/MPemburn/Dev/clarku-wordpress/wp-content/themes/clarku/single.php;13;"'content'   => get_field( 'excerpt' ),";2023-09-06T20:06:05.000000Z;2023-09-06T20:06:05.000000Z
237;get_field;/Users/MPemburn/Dev/clarku-wordpress/wp-content/themes/clarku/single.php;26;"$hide_story_date = get_field( 'hide_story_date' );";2023-09-06T20:06:05.000000Z;2023-09-06T20:06:05.000000Z
238;get_field;/Users/MPemburn/Dev/clarku-wordpress/wp-content/themes/clarku/page.php;4;"$optional_component = get_field( 'sub_hero_optional_component' )[0];";2023-09-06T20:06:05.000000Z;2023-09-06T20:06:05.000000Z
239;get_field;/Users/MPemburn/Dev/clarku-wordpress/wp-content/themes/clarku/page.php;11;"$content_layouts = get_field( 'below_content_area' );";2023-09-06T20:06:05.000000Z;2023-09-06T20:06:05.000000Z
240;get_field;/Users/MPemburn/Dev/clarku-wordpress/wp-content/themes/clarku/single-tuition.php;4;"$optional_component = get_field( 'sub_hero_optional_component' )[0];";2023-09-06T20:06:05.000000Z;2023-09-06T20:06:05.000000Z
241;get_field;/Users/MPemburn/Dev/clarku-wordpress/wp-content/themes/clarku/single-tuition.php;24;"$tuition_fields = get_fields( $id );";2023-09-06T20:06:05.000000Z;2023-09-06T20:06:05.000000Z
242;get_field;/Users/MPemburn/Dev/clarku-wordpress/wp-content/themes/clarku/modules/below-content-area.php;3;"$content_layouts = get_field( 'below_content_area' );";2023-09-06T20:06:05.000000Z;2023-09-06T20:06:05.000000Z
243;get_field;/Users/MPemburn/Dev/clarku-wordpress/wp-content/themes/clarku/modules/program-finder-components.php;3;"$content_layouts = get_field( 'program_finder_content_components' );";2023-09-06T20:06:05.000000Z;2023-09-06T20:06:05.000000Z
244;get_field;/Users/MPemburn/Dev/clarku-wordpress/wp-content/themes/clarku/modules/full-width-components.php;5;"$content_layouts = get_field( 'full_width_components' );";2023-09-06T20:06:05.000000Z;2023-09-06T20:06:05.000000Z
245;get_field;/Users/MPemburn/Dev/clarku-wordpress/wp-content/themes/clarku/tribe-events/modules/meta.php;79;"$url  = get_field( 'event_department_link', 'event_department_' . $dep->term_id );";2023-09-06T20:06:05.000000Z;2023-09-06T20:06:05.000000Z
246;get_field;/Users/MPemburn/Dev/clarku-wordpress/wp-content/themes/clarku/sidebar.php;6;"<?php $display_menu_last = get_field( 'display_menu_last' ); ?>";2023-09-06T20:06:05.000000Z;2023-09-06T20:06:05.000000Z
247;get_field;/Users/MPemburn/Dev/clarku-wordpress/wp-content/themes/clarku/sidebar.php;10;"$sidebar_content = get_field( 'sidebar_content' );";2023-09-06T20:06:05.000000Z;2023-09-06T20:06:05.000000Z
248;get_field;/Users/MPemburn/Dev/clarku-wordpress/wp-content/themes/clarku/sidebar.php;17;"<?php $cta_button = get_field( 'cta_button' ); ?>";2023-09-06T20:06:05.000000Z;2023-09-06T20:06:05.000000Z
249;get_field;/Users/MPemburn/Dev/clarku-wordpress/wp-content/themes/clarku/sidebar.php;21;"$button_color = get_field( 'cta_button_color_main' );";2023-09-06T20:06:05.000000Z;2023-09-06T20:06:05.000000Z
250;get_field;/Users/MPemburn/Dev/clarku-wordpress/wp-content/themes/clarku/sidebar.php;33;"$cta_buttons = get_field( 'cta_buttons' );";2023-09-06T20:06:05.000000Z;2023-09-06T20:06:05.000000Z
251;get_field;/Users/MPemburn/Dev/clarku-wordpress/wp-content/themes/clarku/sidebar.php;68;"'hide_sidebar' => get_field( 'hide_sidebar' ),";2023-09-06T20:06:05.000000Z;2023-09-06T20:06:05.000000Z
252;get_field;/Users/MPemburn/Dev/clarku-wordpress/wp-content/themes/clarku/sidebar.php;77;"'hide_sidebar' => get_field( 'hide_sidebar' ),";2023-09-06T20:06:05.000000Z;2023-09-06T20:06:05.000000Z
253;get_field;/Users/MPemburn/Dev/clarku-wordpress/wp-content/themes/clarku/sidebar.php;83;"<?php $cta_button = get_field( 'cta_button' ); ?>";2023-09-06T20:06:05.000000Z;2023-09-06T20:06:05.000000Z
254;get_field;/Users/MPemburn/Dev/clarku-wordpress/wp-content/themes/clarku/sidebar.php;87;"$button_color = get_field( 'cta_button_color_main' );";2023-09-06T20:06:05.000000Z;2023-09-06T20:06:05.000000Z
255;get_field;/Users/MPemburn/Dev/clarku-wordpress/wp-content/themes/clarku/sidebar.php;99;"$cta_buttons = get_field( 'cta_buttons' );";2023-09-06T20:06:05.000000Z;2023-09-06T20:06:05.000000Z
256;get_field;/Users/MPemburn/Dev/clarku-wordpress/wp-content/themes/clarku/sidebar.php;132;"$sidebar_content = get_field( 'sidebar_content' );";2023-09-06T20:06:05.000000Z;2023-09-06T20:06:05.000000Z
257;get_field;/Users/MPemburn/Dev/clarku-wordpress/wp-content/themes/clarku/sidebar-videos.php;10;"if ( get_field( 'sidebar_links' ) && ! empty( get_field( 'sidebar_links' ) ) ) {";2023-09-06T20:06:05.000000Z;2023-09-06T20:06:05.000000Z
258;get_field;/Users/MPemburn/Dev/clarku-wordpress/wp-content/themes/clarku/sidebar-videos.php;12;"$links = get_field( 'sidebar_links' );";2023-09-06T20:06:05.000000Z;2023-09-06T20:06:05.000000Z
259;get_field;/Users/MPemburn/Dev/clarku-wordpress/wp-content/themes/clarku/sidebar-videos.php;67;"if ( ! get_field( 'hide_siblings' ) ) {";2023-09-06T20:06:05.000000Z;2023-09-06T20:06:05.000000Z
260;get_field;/Users/MPemburn/Dev/clarku-wordpress/wp-content/themes/clarku/sidebar-videos.php;73;"if ( 0 === count( $children->posts ) && ! get_field( 'only_show_siblings' ) ) {";2023-09-06T20:06:05.000000Z;2023-09-06T20:06:05.000000Z
261;get_field;/Users/MPemburn/Dev/clarku-wordpress/wp-content/themes/clarku/sidebar-videos.php;115;"<?php if ( ! empty( $pages ) && ! get_field( 'hide_sidebar' ) ) : ?>";2023-09-06T20:06:05.000000Z;2023-09-06T20:06:05.000000Z
262;get_field;/Users/MPemburn/Dev/clarku-wordpress/wp-content/themes/clarku/sidebar-videos.php;121;"<?php $cta_button = get_field( 'cta_button' ); ?>";2023-09-06T20:06:05.000000Z;2023-09-06T20:06:05.000000Z
263;get_field;/Users/MPemburn/Dev/clarku-wordpress/wp-content/themes/clarku/sidebar-videos.php;125;"$button_color = get_field( 'cta_button_color_main' );";2023-09-06T20:06:05.000000Z;2023-09-06T20:06:05.000000Z
264;get_field;/Users/MPemburn/Dev/clarku-wordpress/wp-content/themes/clarku/sidebar-videos.php;137;"$cta_buttons = get_field( 'cta_buttons' );";2023-09-06T20:06:05.000000Z;2023-09-06T20:06:05.000000Z
265;get_field;/Users/MPemburn/Dev/clarku-wordpress/wp-content/themes/clarku/sidebar-videos.php;170;"$sidebar_content = get_field( 'sidebar_content' );";2023-09-06T20:06:05.000000Z;2023-09-06T20:06:05.000000Z
266;get_field;/Users/MPemburn/Dev/clarku-wordpress/wp-content/themes/clarku-subsite/inc/post-types/in-the-news.php;29;"$media_url = get_field( 'media_url', $post->ID );";2023-09-06T20:06:05.000000Z;2023-09-06T20:06:05.000000Z
267;get_field;/Users/MPemburn/Dev/clarku-wordpress/wp-content/themes/clarku-subsite/inc/acf-fields/pull-story-from-clarknow.php;81;"if ( 'post' === get_post_type( $post ) && get_field( 'pull_story_from_clarknow', $post->ID ) ) {";2023-09-06T20:06:05.000000Z;2023-09-06T20:06:05.000000Z
268;get_field;/Users/MPemburn/Dev/clarku-wordpress/wp-content/themes/clarku-subsite/inc/acf-fields/pull-story-from-clarknow.php;82;"$pull_post = get_field( 'pull_story_from_clarknow', $post->ID );";2023-09-06T20:06:05.000000Z;2023-09-06T20:06:05.000000Z
269;get_field;/Users/MPemburn/Dev/clarku-wordpress/wp-content/themes/clarku-subsite/inc/acf-fields/pull-story-from-clarknow.php;102;"if ( is_single() && 'post' === get_post_type( $post_id ) && get_field( 'pull_story_from_clarknow' ) ) {";2023-09-06T20:06:05.000000Z;2023-09-06T20:06:05.000000Z
270;get_field;/Users/MPemburn/Dev/clarku-wordpress/wp-content/themes/clarku-subsite/inc/acf-fields/pull-story-from-clarknow.php;103;"$pull_post = get_field( 'pull_story_from_clarknow' );";2023-09-06T20:06:05.000000Z;2023-09-06T20:06:05.000000Z
271;get_field;/Users/MPemburn/Dev/clarku-wordpress/wp-content/themes/clarku-subsite/header-main.php;24;"$subhero = get_field( 'sub_hero_optional_component' );";2023-09-06T20:06:05.000000Z;2023-09-06T20:06:05.000000Z
272;get_field;/Users/MPemburn/Dev/clarku-wordpress/wp-content/themes/clarku-subsite/header-main.php;40;"'enabled' => get_field( 'emergency_notification_enabled', 'option' ),";2023-09-06T20:06:05.000000Z;2023-09-06T20:06:05.000000Z
273;get_field;/Users/MPemburn/Dev/clarku-wordpress/wp-content/themes/clarku-subsite/header-main.php;41;"'message' => get_field( 'emergency_notification_message', 'option' ),";2023-09-06T20:06:05.000000Z;2023-09-06T20:06:05.000000Z
274;get_field;/Users/MPemburn/Dev/clarku-wordpress/wp-content/themes/clarku-subsite/header-main.php;42;"'style'   => get_field( 'emergency_notification_style', 'option' ),";2023-09-06T20:06:05.000000Z;2023-09-06T20:06:05.000000Z
275;get_field;/Users/MPemburn/Dev/clarku-wordpress/wp-content/themes/clarku-subsite/header-main.php;64;"if ( get_field( 'mobile_nav_buttons', 'option' ) && get_component( 'link.php' ) ) {";2023-09-06T20:06:05.000000Z;2023-09-06T20:06:05.000000Z
276;get_field;/Users/MPemburn/Dev/clarku-wordpress/wp-content/themes/clarku-subsite/header-main.php;65;"foreach ( get_field( 'mobile_nav_buttons', 'option' ) as $link ) {";2023-09-06T20:06:05.000000Z;2023-09-06T20:06:05.000000Z
277;get_field;/Users/MPemburn/Dev/clarku-wordpress/wp-content/themes/clarku-subsite/header-main.php;186;"if ( get_component( 'mobile-cta-buttons.php' ) && get_field( 'mobile_nav_buttons', 'option' ) ) {";2023-09-06T20:06:05.000000Z;2023-09-06T20:06:05.000000Z
278;get_field;/Users/MPemburn/Dev/clarku-wordpress/wp-content/themes/clarku-subsite/header-main.php;187;"Components\mobile_cta_buttons( get_field( 'mobile_nav_buttons', 'option' ) );";2023-09-06T20:06:05.000000Z;2023-09-06T20:06:05.000000Z
279;get_field;/Users/MPemburn/Dev/clarku-wordpress/wp-content/themes/clarku-subsite/header-main.php;217;"$search_terms = get_field( 'popular_searches', 'option' );";2023-09-06T20:06:05.000000Z;2023-09-06T20:06:05.000000Z
280;get_field;/Users/MPemburn/Dev/clarku-wordpress/wp-content/themes/clarku-subsite/header-main.php;231;"<p class=""title""><?php echo get_field( 'take_action_title', 'option' ); ?></p>";2023-09-06T20:06:05.000000Z;2023-09-06T20:06:05.000000Z
281;get_field;/Users/MPemburn/Dev/clarku-wordpress/wp-content/themes/clarku-subsite/header-main.php;235;"$blocks = get_field( 'take_action_ctas', 'option' );";2023-09-06T20:06:05.000000Z;2023-09-06T20:06:05.000000Z
282;get_field;/Users/MPemburn/Dev/clarku-wordpress/wp-content/themes/clarku-subsite/header.php;2;"$use_main_network_header = get_field( 'use_main_network_header', 'option' );";2023-09-06T20:06:05.000000Z;2023-09-06T20:06:05.000000Z
283;get_field;/Users/MPemburn/Dev/clarku-wordpress/wp-content/themes/clarku-subsite/header.php;20;"$menu_override = get_field( 'menu_text_override', 'option' );";2023-09-06T20:06:05.000000Z;2023-09-06T20:06:05.000000Z
284;get_field;/Users/MPemburn/Dev/clarku-wordpress/wp-content/themes/clarku-subsite/header.php;21;"$menu_text     = get_field( 'menu_text', 'option' );";2023-09-06T20:06:05.000000Z;2023-09-06T20:06:05.000000Z
285;get_field;/Users/MPemburn/Dev/clarku-wordpress/wp-content/themes/clarku-subsite/header.php;38;"$subhero = get_field( 'sub_hero_optional_component' );";2023-09-06T20:06:05.000000Z;2023-09-06T20:06:05.000000Z
286;get_field;/Users/MPemburn/Dev/clarku-wordpress/wp-content/themes/clarku-subsite/header.php;54;"'enabled' => get_field( 'emergency_notification_enabled', 'option' ),";2023-09-06T20:06:05.000000Z;2023-09-06T20:06:05.000000Z
287;get_field;/Users/MPemburn/Dev/clarku-wordpress/wp-content/themes/clarku-subsite/header.php;55;"'message' => get_field( 'emergency_notification_message', 'option' ),";2023-09-06T20:06:05.000000Z;2023-09-06T20:06:05.000000Z
288;get_field;/Users/MPemburn/Dev/clarku-wordpress/wp-content/themes/clarku-subsite/header.php;56;"'style'   => get_field( 'emergency_notification_style', 'option' ),";2023-09-06T20:06:05.000000Z;2023-09-06T20:06:05.000000Z
289;get_field;/Users/MPemburn/Dev/clarku-wordpress/wp-content/themes/clarku-subsite/header.php;64;"'enabled' => get_field( 'emergency_notification_repeater_enabled', 'option' ),";2023-09-06T20:06:05.000000Z;2023-09-06T20:06:05.000000Z
290;get_field;/Users/MPemburn/Dev/clarku-wordpress/wp-content/themes/clarku-subsite/header.php;65;"'repeater' => get_field( 'emergency_notification_repeater', 'option' ),";2023-09-06T20:06:05.000000Z;2023-09-06T20:06:05.000000Z
291;get_field;/Users/MPemburn/Dev/clarku-wordpress/wp-content/themes/clarku-subsite/header.php;148;"<div class=""logo-text <?php echo get_field( 'logo_label', 'option' ) ? 'has-label' : ''; ?>"">";2023-09-06T20:06:05.000000Z;2023-09-06T20:06:05.000000Z
292;get_field;/Users/MPemburn/Dev/clarku-wordpress/wp-content/themes/clarku-subsite/header.php;151;"<?php if ( ( is_front_page() && empty( $sub_hero[0] ) ) || ( is_front_page() && ! empty( $sub_hero[0] ) && ! get_field( 'show_sub_hero_title' ) ) ) : ?>";2023-09-06T20:06:05.000000Z;2023-09-06T20:06:05.000000Z
293;get_field;/Users/MPemburn/Dev/clarku-wordpress/wp-content/themes/clarku-subsite/header.php;154;"<?php if ( get_field( 'logo_label', 'option' ) ) : ?>";2023-09-06T20:06:05.000000Z;2023-09-06T20:06:05.000000Z
294;get_field;/Users/MPemburn/Dev/clarku-wordpress/wp-content/themes/clarku-subsite/header.php;155;"<div class=""subtitle black""><?php echo esc_html( get_field( 'logo_label', 'option' ) ); ?></div>";2023-09-06T20:06:05.000000Z;2023-09-06T20:06:05.000000Z
295;get_field;/Users/MPemburn/Dev/clarku-wordpress/wp-content/themes/clarku-subsite/header.php;157;"<div class=""logo-title h4__title""><?php echo esc_html( get_field( 'logo_title', 'option' ) ); ?></div>";2023-09-06T20:06:05.000000Z;2023-09-06T20:06:05.000000Z
296;get_field;/Users/MPemburn/Dev/clarku-wordpress/wp-content/themes/clarku-subsite/header.php;158;"<?php if ( ( is_front_page() && empty( $sub_hero[0] ) ) || ( is_front_page() && ! empty( $sub_hero[0] ) && ! get_field( 'show_sub_hero_title' ) ) ) : ?>";2023-09-06T20:06:05.000000Z;2023-09-06T20:06:05.000000Z
297;get_field;/Users/MPemburn/Dev/clarku-wordpress/wp-content/themes/clarku-subsite/header.php;307;"if ( get_component( 'mobile-cta-buttons.php' ) && get_field( 'mobile_nav_buttons', 'option' ) ) {";2023-09-06T20:06:05.000000Z;2023-09-06T20:06:05.000000Z
298;get_field;/Users/MPemburn/Dev/clarku-wordpress/wp-content/themes/clarku-subsite/header.php;308;"Components\mobile_cta_buttons( get_field( 'mobile_nav_buttons', 'option' ) );";2023-09-06T20:06:05.000000Z;2023-09-06T20:06:05.000000Z
299;get_field;/Users/MPemburn/Dev/clarku-wordpress/wp-content/themes/clarku-subsite/footer.php;9;"$ctas = get_field( 'calls_to_action', 'option' );";2023-09-06T20:06:05.000000Z;2023-09-06T20:06:05.000000Z
300;get_field;/Users/MPemburn/Dev/clarku-wordpress/wp-content/themes/clarku-subsite/footer.php;60;"$follow_us = get_field( 'follow_us', 'option' );";2023-09-06T20:06:05.000000Z;2023-09-06T20:06:05.000000Z
301;get_field;/Users/MPemburn/Dev/clarku-wordpress/wp-content/themes/clarku-subsite/footer.php;89;"<?php echo esc_html( get_field( 'phone_number', 'option' ) ); ?>";2023-09-06T20:06:05.000000Z;2023-09-06T20:06:05.000000Z
302;get_field;/Users/MPemburn/Dev/clarku-wordpress/wp-content/themes/clarku-subsite/footer.php;95;"<?php echo wp_kses_post( get_field( 'address', 'option' ) ); ?>";2023-09-06T20:06:05.000000Z;2023-09-06T20:06:05.000000Z
303;get_field;/Users/MPemburn/Dev/clarku-wordpress/wp-content/themes/clarku-subsite/templates/single/related-stories.php;16;"if ( ! get_fields($post->ID)['related_stories_hidden'] && ! empty( $related_stories ) ) :";2023-09-06T20:06:05.000000Z;2023-09-06T20:06:05.000000Z
304;get_field;/Users/MPemburn/Dev/clarku-wordpress/wp-content/themes/clarku-subsite/templates/single/media-contacts.php;16;"$title = get_field( 'title', ""media_contact_$contact->term_id"" );";2023-09-06T20:06:05.000000Z;2023-09-06T20:06:05.000000Z
305;get_field;/Users/MPemburn/Dev/clarku-wordpress/wp-content/themes/clarku-subsite/templates/single/media-contacts.php;17;"$phone = get_field( 'phone_number', ""media_contact_$contact->term_id"" );";2023-09-06T20:06:05.000000Z;2023-09-06T20:06:05.000000Z
306;get_field;/Users/MPemburn/Dev/clarku-wordpress/wp-content/themes/clarku-subsite/templates/single/media-contacts.php;18;"$email = sanitize_email( get_field( 'email', ""media_contact_$contact->term_id"" ) );";2023-09-06T20:06:05.000000Z;2023-09-06T20:06:05.000000Z
307;get_field;/Users/MPemburn/Dev/clarku-wordpress/wp-content/themes/clarku-subsite/templates/landing.php;5;"$hero_slides 		= get_field( 'hero_slides' );";2023-09-06T20:06:05.000000Z;2023-09-06T20:06:05.000000Z
308;get_field;/Users/MPemburn/Dev/clarku-wordpress/wp-content/themes/clarku-subsite/templates/landing.php;6;"$hero_video  		= get_field( 'hero_video' );";2023-09-06T20:06:05.000000Z;2023-09-06T20:06:05.000000Z
309;get_field;/Users/MPemburn/Dev/clarku-wordpress/wp-content/themes/clarku-subsite/templates/landing.php;7;"$use_new_hero   = get_field( 'use_new_hero' );";2023-09-06T20:06:05.000000Z;2023-09-06T20:06:05.000000Z
310;get_field;/Users/MPemburn/Dev/clarku-wordpress/wp-content/themes/clarku-subsite/templates/landing.php;8;"$hero_sections  = get_field( 'hero_sections' );";2023-09-06T20:06:05.000000Z;2023-09-06T20:06:05.000000Z
311;get_field;/Users/MPemburn/Dev/clarku-wordpress/wp-content/themes/clarku-subsite/templates/landing.php;12;"$optional_component = get_field( 'sub_hero_optional_component' )[0];";2023-09-06T20:06:05.000000Z;2023-09-06T20:06:05.000000Z
312;get_field;/Users/MPemburn/Dev/clarku-wordpress/wp-content/themes/clarku-subsite/templates/landing.php;15;"$use_main_network_header = get_field( 'use_main_network_header', 'option' );";2023-09-06T20:06:05.000000Z;2023-09-06T20:06:05.000000Z
313;get_field;/Users/MPemburn/Dev/clarku-wordpress/wp-content/themes/clarku-subsite/templates/events/single-event.php;10;"$optional_component = get_field( 'sub_hero_optional_component' );";2023-09-06T20:06:05.000000Z;2023-09-06T20:06:05.000000Z
314;get_field;/Users/MPemburn/Dev/clarku-wordpress/wp-content/themes/clarku-subsite/templates/homepage.php;5;"$hero_slides 		= get_field( 'hero_slides' );";2023-09-06T20:06:05.000000Z;2023-09-06T20:06:05.000000Z
315;get_field;/Users/MPemburn/Dev/clarku-wordpress/wp-content/themes/clarku-subsite/templates/homepage.php;6;"$hero_video  		= get_field( 'hero_video' );";2023-09-06T20:06:05.000000Z;2023-09-06T20:06:05.000000Z
316;get_field;/Users/MPemburn/Dev/clarku-wordpress/wp-content/themes/clarku-subsite/templates/homepage.php;7;"$use_new_hero   = get_field( 'use_new_hero' );";2023-09-06T20:06:05.000000Z;2023-09-06T20:06:05.000000Z
317;get_field;/Users/MPemburn/Dev/clarku-wordpress/wp-content/themes/clarku-subsite/templates/homepage.php;8;"$hero_sections  = get_field( 'hero_sections' );";2023-09-06T20:06:05.000000Z;2023-09-06T20:06:05.000000Z
318;get_field;/Users/MPemburn/Dev/clarku-wordpress/wp-content/themes/clarku-subsite/templates/homepage.php;9;"$optional_component = get_field( 'sub_hero_optional_component' )[0];";2023-09-06T20:06:05.000000Z;2023-09-06T20:06:05.000000Z
319;get_field;/Users/MPemburn/Dev/clarku-wordpress/wp-content/themes/clarku-subsite/templates/homepage.php;15;"$use_main_network_header = get_field( 'use_main_network_header', 'option' );";2023-09-06T20:06:05.000000Z;2023-09-06T20:06:05.000000Z
320;get_field;/Users/MPemburn/Dev/clarku-wordpress/wp-content/themes/clarku-subsite/page.php;4;"$sub_hero_optional_component = get_field( 'sub_hero_optional_component' );";2023-09-06T20:06:05.000000Z;2023-09-06T20:06:05.000000Z
321;get_field;/Users/MPemburn/Dev/clarku-wordpress/wp-content/themes/clarku-subsite/page.php;8;"$use_main_network_header = get_field( 'use_main_network_header', 'option' );";2023-09-06T20:06:05.000000Z;2023-09-06T20:06:05.000000Z
322;get_field;/Users/MPemburn/Dev/clarku-wordpress/wp-content/themes/clarku-subsite/sidebar-archiveevents.php;41;"$cta_buttons = get_field( 'events_sidebar_cta_buttons', 'option' );";2023-09-06T20:06:05.000000Z;2023-09-06T20:06:05.000000Z
323;get_field;/Users/MPemburn/Dev/clarku-wordpress/wp-content/themes/clarku-subsite/sidebar-archiveevents.php;66;"$sidebar_content = get_field( 'events_sidebar_wysiwyg', 'option' );";2023-09-06T20:06:05.000000Z;2023-09-06T20:06:05.000000Z
324;get_field;/Users/MPemburn/Dev/clarku-wordpress/wp-content/themes/clarku-subsite/sidebar-archiveevents.php;74;"$sidebar_adspace = get_field( 'events_sidebar_adspace', 'option' );";2023-09-06T20:06:05.000000Z;2023-09-06T20:06:05.000000Z
325;get_field;/Users/MPemburn/Dev/clarku-wordpress/wp-content/themes/clarku-subsite/sidebar.php;6;"<?php $display_menu_last = get_field( 'display_menu_last' ); ?>";2023-09-06T20:06:05.000000Z;2023-09-06T20:06:05.000000Z
326;get_field;/Users/MPemburn/Dev/clarku-wordpress/wp-content/themes/clarku-subsite/sidebar.php;10;"$sidebar_content = get_field( 'sidebar_content' );";2023-09-06T20:06:05.000000Z;2023-09-06T20:06:05.000000Z
327;get_field;/Users/MPemburn/Dev/clarku-wordpress/wp-content/themes/clarku-subsite/sidebar.php;17;"<?php $cta_button = get_field( 'cta_button' ); ?>";2023-09-06T20:06:05.000000Z;2023-09-06T20:06:05.000000Z
328;get_field;/Users/MPemburn/Dev/clarku-wordpress/wp-content/themes/clarku-subsite/sidebar.php;21;"$button_color = get_field( 'cta_button_color_main' );";2023-09-06T20:06:05.000000Z;2023-09-06T20:06:05.000000Z
329;get_field;/Users/MPemburn/Dev/clarku-wordpress/wp-content/themes/clarku-subsite/sidebar.php;33;"$cta_buttons = get_field( 'cta_buttons' );";2023-09-06T20:06:05.000000Z;2023-09-06T20:06:05.000000Z
330;get_field;/Users/MPemburn/Dev/clarku-wordpress/wp-content/themes/clarku-subsite/sidebar.php;66;"'hide_sidebar' => get_field( 'hide_sidebar' ),";2023-09-06T20:06:05.000000Z;2023-09-06T20:06:05.000000Z
331;get_field;/Users/MPemburn/Dev/clarku-wordpress/wp-content/themes/clarku-subsite/sidebar.php;73;"'hide_sidebar' => get_field( 'hide_sidebar' ),";2023-09-06T20:06:05.000000Z;2023-09-06T20:06:05.000000Z
332;get_field;/Users/MPemburn/Dev/clarku-wordpress/wp-content/themes/clarku-subsite/sidebar.php;78;"<?php $cta_button = get_field( 'cta_button' ); ?>";2023-09-06T20:06:05.000000Z;2023-09-06T20:06:05.000000Z
333;get_field;/Users/MPemburn/Dev/clarku-wordpress/wp-content/themes/clarku-subsite/sidebar.php;82;"$button_color = get_field( 'cta_button_color_main' );";2023-09-06T20:06:05.000000Z;2023-09-06T20:06:05.000000Z
334;get_field;/Users/MPemburn/Dev/clarku-wordpress/wp-content/themes/clarku-subsite/sidebar.php;94;"$cta_buttons = get_field( 'cta_buttons' );";2023-09-06T20:06:05.000000Z;2023-09-06T20:06:05.000000Z
335;get_field;/Users/MPemburn/Dev/clarku-wordpress/wp-content/themes/clarku-subsite/sidebar.php;126;"$sidebar_content = get_field( 'sidebar_content' );";2023-09-06T20:06:05.000000Z;2023-09-06T20:06:05.000000Z
336;get_field;/Users/MPemburn/Dev/clarku-wordpress/wp-content/themes/clarku-subsite/single-announcement.php;26;"'From' => get_field( 'from' ),";2023-09-06T20:06:05.000000Z;2023-09-06T20:06:05.000000Z
337;get_field;/Users/MPemburn/Dev/clarku-wordpress/wp-content/themes/clarku-subsite/single-announcement.php;27;"'To' => get_field( 'to' ),";2023-09-06T20:06:05.000000Z;2023-09-06T20:06:05.000000Z
338;get_field;/Users/MPemburn/Dev/clarku-wordpress/wp-content/themes/clarku-subsite/single-announcement.php;28;"'Subject' => get_field( 'subject' )";2023-09-06T20:06:05.000000Z;2023-09-06T20:06:05.000000Z
339;get_field;/Users/MPemburn/Dev/clarku-wordpress/wp-content/themes/clarku-welcome-parent/components/tri-col-image-blocks.php;35;"$target_field = empty ( $block['external_link'] ) ? '' : '_blank';";2023-09-06T20:06:05.000000Z;2023-09-06T20:06:05.000000Z
340;get_field;/Users/MPemburn/Dev/clarku-wordpress/wp-content/themes/clarku-welcome-parent/components/tri-col-image-blocks.php;39;"echo ""<a href='$url' target='$target_field'>""; // WPCS: XSS ok.";2023-09-06T20:06:05.000000Z;2023-09-06T20:06:05.000000Z
341;get_field;/Users/MPemburn/Dev/clarku-wordpress/wp-content/themes/clarku-welcome-parent/components/tri-col-image-blocks.php;47;"echo ""<a href='$url' class='animate-image' data-parent='.block' target='$target_field'>""; // WPCS: XSS ok.";2023-09-06T20:06:05.000000Z;2023-09-06T20:06:05.000000Z
342;get_field;/Users/MPemburn/Dev/clarku-wordpress/wp-content/themes/clarku-welcome-parent/components/hero-slider.php;58;"$hide_class = get_field( 'hide_text_box' ) ? 'no-textbox' : '';";2023-09-06T20:06:05.000000Z;2023-09-06T20:06:05.000000Z
343;get_field;/Users/MPemburn/Dev/clarku-wordpress/wp-content/themes/clarku-welcome-parent/components/hero-slider.php;77;"<?php if ( ! get_field( 'hide_text_box' ) ) : ?>";2023-09-06T20:06:05.000000Z;2023-09-06T20:06:05.000000Z
344;get_field;/Users/MPemburn/Dev/clarku-wordpress/wp-content/themes/clarku-welcome-parent/header.php;172;"$search_terms = get_field( 'popular_searches', 'option' );";2023-09-06T20:06:05.000000Z;2023-09-06T20:06:05.000000Z
345;get_field;/Users/MPemburn/Dev/clarku-wordpress/wp-content/themes/clarku-welcome-parent/header.php;190;"$blocks = get_field( 'take_action_ctas', 'option' );";2023-09-06T20:06:05.000000Z;2023-09-06T20:06:05.000000Z
346;get_field;/Users/MPemburn/Dev/clarku-wordpress/wp-content/themes/clarku-welcome-parent/footer.php;8;"$ctas = get_field( 'calls_to_action', 'option' );";2023-09-06T20:06:05.000000Z;2023-09-06T20:06:05.000000Z
347;get_field;/Users/MPemburn/Dev/clarku-wordpress/wp-content/themes/clarku-welcome-parent/footer.php;50;"$follow_us = get_field( 'follow_us', 'option' );";2023-09-06T20:06:05.000000Z;2023-09-06T20:06:05.000000Z
348;get_field;/Users/MPemburn/Dev/clarku-wordpress/wp-content/themes/clarku-welcome-parent/footer.php;79;"<?php echo esc_html( get_field( 'phone_number', 'option' ) ); ?>";2023-09-06T20:06:05.000000Z;2023-09-06T20:06:05.000000Z
349;get_field;/Users/MPemburn/Dev/clarku-wordpress/wp-content/themes/clarku-welcome-parent/footer.php;85;"<?php echo wp_kses_post( get_field( 'address', 'option' ) ); ?>";2023-09-06T20:06:05.000000Z;2023-09-06T20:06:05.000000Z
350;get_field;/Users/MPemburn/Dev/clarku-wordpress/wp-content/themes/clarku-welcome-parent/templates/homepage.php;6;"$hero_slides = get_field( 'hero_slides' );";2023-09-06T20:06:05.000000Z;2023-09-06T20:06:05.000000Z
351;get_field;/Users/MPemburn/Dev/clarku-wordpress/wp-content/themes/clarku-welcome-parent/templates/homepage.php;7;"$hero_video  = get_field( 'hero_video' );";2023-09-06T20:06:05.000000Z;2023-09-06T20:06:05.000000Z
352;get_field;/Users/MPemburn/Dev/clarku-wordpress/wp-content/themes/clarku-welcome-parent/templates/search-results.php;36;"$search_terms = get_field( 'popular_searches', 'option' );";2023-09-06T20:06:05.000000Z;2023-09-06T20:06:05.000000Z
353;get_field;/Users/MPemburn/Dev/clarku-wordpress/wp-content/themes/clarku-welcome-parent/page.php;4;"$optional_component = get_field( 'sub_hero_optional_component' )[0];";2023-09-06T20:06:05.000000Z;2023-09-06T20:06:05.000000Z
354;get_field;/Users/MPemburn/Dev/clarku-wordpress/wp-content/themes/clarku-welcome-parent/modules/full-width-components.php;3;"$content_layouts = get_field( 'full_width_components' );";2023-09-06T20:06:05.000000Z;2023-09-06T20:06:05.000000Z
355;get_field;/Users/MPemburn/Dev/clarku-wordpress/wp-content/themes/clarku-welcome-parent/sidebar.php;12;"if ( ! get_field( 'hide_siblings' ) ) {";2023-09-06T20:06:05.000000Z;2023-09-06T20:06:05.000000Z
356;get_field;/Users/MPemburn/Dev/clarku-wordpress/wp-content/themes/clarku-welcome-parent/sidebar.php;41;"<?php if ( get_field( 'cta_button_text' ) && get_field( 'cta_button_url' ) ) : ?>";2023-09-06T20:06:05.000000Z;2023-09-06T20:06:05.000000Z
357;get_field;/Users/MPemburn/Dev/clarku-wordpress/wp-content/themes/clarku-welcome-parent/sidebar.php;43;"<a href=""<?php echo esc_url( get_field( 'cta_button_url' ) ); ?>"" class=""filled-button"">";2023-09-06T20:06:05.000000Z;2023-09-06T20:06:05.000000Z
358;get_field;/Users/MPemburn/Dev/clarku-wordpress/wp-content/themes/clarku-welcome-parent/sidebar.php;45;"$button_text = get_field( 'cta_button_text' );";2023-09-06T20:06:05.000000Z;2023-09-06T20:06:05.000000Z
359;get_field;/Users/MPemburn/Dev/clarku-wordpress/wp-content/themes/clarku-welcome/inc/sidebar/main.php;17;"$content_layouts = get_field( 'content_components', $post->ID );";2023-09-06T20:06:05.000000Z;2023-09-06T20:06:05.000000Z
360;get_field;/Users/MPemburn/Dev/clarku-wordpress/wp-content/themes/clarku-welcome/footer.php;35;"$follow_us = get_field( 'follow_us', 'option' );";2023-09-06T20:06:05.000000Z;2023-09-06T20:06:05.000000Z
361;get_field;/Users/MPemburn/Dev/clarku-wordpress/wp-content/themes/clarku-welcome/footer.php;64;"<?php echo esc_html( get_field( 'phone_number', 'option' ) ); ?>";2023-09-06T20:06:05.000000Z;2023-09-06T20:06:05.000000Z
362;get_field;/Users/MPemburn/Dev/clarku-wordpress/wp-content/themes/clarku-welcome/footer.php;70;"<?php echo wp_kses_post( get_field( 'address', 'option' ) ); ?>";2023-09-06T20:06:05.000000Z;2023-09-06T20:06:05.000000Z
363;get_field;/Users/MPemburn/Dev/clarku-wordpress/wp-content/themes/clarku-welcome/templates/homepage.php;6;"$hero_slides = get_field( 'hero_slides' );";2023-09-06T20:06:05.000000Z;2023-09-06T20:06:05.000000Z
364;get_field;/Users/MPemburn/Dev/clarku-wordpress/wp-content/themes/clarku-welcome/templates/search-results.php;36;"$search_terms = get_field( 'popular_searches', 'option' );";2023-09-06T20:06:05.000000Z;2023-09-06T20:06:05.000000Z
365;get_field;/Users/MPemburn/Dev/clarku-wordpress/wp-content/themes/clarku-welcome/page.php;6;"$optional_component = get_field( 'sub_hero_optional_component' );";2023-09-06T20:06:05.000000Z;2023-09-06T20:06:05.000000Z
366;get_field;/Users/MPemburn/Dev/clarku-wordpress/wp-content/themes/clarku-welcome/modules/full-width-components.php;3;"$content_layouts = get_field( 'full_width_components' );";2023-09-06T20:06:05.000000Z;2023-09-06T20:06:05.000000Z
367;get_field;/Users/MPemburn/Dev/clarku-wordpress/wp-content/themes/clarku-welcome/modules/content-components.php;3;"$content_layouts = get_field( 'content_components' );";2023-09-06T20:06:05.000000Z;2023-09-06T20:06:05.000000Z
368;get_field;/Users/MPemburn/Dev/clarku-wordpress/wp-content/themes/clarku-welcome/modules/header/main.php;6;"$site_link = get_field( 'clarku_site_link', 'option' );";2023-09-06T20:06:05.000000Z;2023-09-06T20:06:05.000000Z
369;get_field;/Users/MPemburn/Dev/clarku-wordpress/wp-content/themes/clarku-welcome/modules/header/main.php;7;"$site_header_text = get_field( 'clarku_site_header_title', 'option' );";2023-09-06T20:06:05.000000Z;2023-09-06T20:06:05.000000Z
370;get_field;/Users/MPemburn/Dev/clarku-wordpress/wp-content/themes/clarku-welcome/modules/header/main.php;12;"$login_enabled_field = get_field( 'site_login_enabled', 'option' );";2023-09-06T20:06:05.000000Z;2023-09-06T20:06:05.000000Z
371;get_field;/Users/MPemburn/Dev/clarku-wordpress/wp-content/themes/clarku-welcome/modules/header/main.php;32;"<a class=""login__link"" href=""<?php echo esc_url ( clarku_welcome_login_link() ); ?>""><?php $login = get_field( 'site_login_text', 'option' ); echo esc_html( ! empty( $login ) ? $login : 'Login' ); ?></a>";2023-09-06T20:06:05.000000Z;2023-09-06T20:06:05.000000Z
372;get_field;/Users/MPemburn/Dev/clarku-wordpress/wp-content/themes/clarku-welcome/modules/header/mobile.php;6;"$site_link = get_field( 'clarku_site_link', 'option' );";2023-09-06T20:06:05.000000Z;2023-09-06T20:06:05.000000Z
373;get_field;/Users/MPemburn/Dev/clarku-wordpress/wp-content/themes/clarku-welcome/modules/header/mobile.php;7;"$site_header_text = get_field( 'clarku_site_header_title', 'option' );";2023-09-06T20:06:05.000000Z;2023-09-06T20:06:05.000000Z
374;get_field;/Users/MPemburn/Dev/clarku-wordpress/wp-content/themes/clarku-welcome/modules/header/mobile.php;12;"$login_enabled_field = get_field( 'site_login_enabled', 'option' );";2023-09-06T20:06:05.000000Z;2023-09-06T20:06:05.000000Z
375;get_field;/Users/MPemburn/Dev/clarku-wordpress/wp-content/themes/clarku-welcome/modules/header/mobile.php;81;"<a class=""login__link"" href=""<?php echo esc_url ( clarku_welcome_login_link() ); ?>""><?php $login = get_field( 'site_login_text', 'option' ); echo esc_html( ! empty( $login ) ? $login : 'Login' ); ?></a>";2023-09-06T20:06:05.000000Z;2023-09-06T20:06:05.000000Z
376;get_field;/Users/MPemburn/Dev/clarku-wordpress/wp-content/themes/clarku-welcome/sidebar.php;11;"$acf_content_components = get_field( 'content_components' );";2023-09-06T20:06:05.000000Z;2023-09-06T20:06:05.000000Z
377;get_field;/Users/MPemburn/Dev/clarku-wordpress/wp-content/themes/clarku-welcome/sidebar.php;14;"$intro_content_display = get_field( 'sidebar_display_intro_content', $post->ID );";2023-09-06T20:06:05.000000Z;2023-09-06T20:06:05.000000Z
378;get_field;/Users/MPemburn/Dev/clarku-wordpress/wp-content/themes/clarku-welcome/sidebar.php;33;"$acf_content_components = get_field( 'content_components' );";2023-09-06T20:06:05.000000Z;2023-09-06T20:06:05.000000Z
379;get_field;/Users/MPemburn/Dev/clarku-wordpress/wp-content/themes/clarku-welcome/sidebar.php;36;"$intro_content_display = get_field( 'sidebar_display_intro_content', $post->ID );";2023-09-06T20:06:05.000000Z;2023-09-06T20:06:05.000000Z
380;get_field;/Users/MPemburn/Dev/clarku-wordpress/wp-content/themes/clarku-welcome/sidebar.php;108;"$intro_content_text = get_field( 'sidebar_intro_content_text', $post->ID );";2023-09-06T20:06:05.000000Z;2023-09-06T20:06:05.000000Z
381;get_field;/Users/MPemburn/Dev/clarku-wordpress/wp-content/themes/clarku-welcome/sidebar.php;128;"$sidebar_active    = get_field( 'sidebar_active', $post->ID );";2023-09-06T20:06:05.000000Z;2023-09-06T20:06:05.000000Z
382;get_field;/Users/MPemburn/Dev/clarku-wordpress/wp-content/themes/clarku-welcome/sidebar.php;129;"$sidebar_automated = get_field( 'sidebar_automated', $post->ID );";2023-09-06T20:06:05.000000Z;2023-09-06T20:06:05.000000Z
383;get_field;/Users/MPemburn/Dev/clarku-wordpress/wp-content/themes/clarku-now/functions.php;64;"'publication' => get_field( 'publication', $post->ID ),";2023-09-06T20:06:05.000000Z;2023-09-06T20:06:05.000000Z
384;get_field;/Users/MPemburn/Dev/clarku-wordpress/wp-content/themes/clarku-now/functions.php;98;"if ( get_field( 'hide_from_archive_page', $topic ) ) {";2023-09-06T20:06:05.000000Z;2023-09-06T20:06:05.000000Z
385;get_field;/Users/MPemburn/Dev/clarku-wordpress/wp-content/themes/clarku-now/inc/post-types/in-the-news.php;30;"$media_url = get_field( 'media_url', $post->ID );";2023-09-06T20:06:05.000000Z;2023-09-06T20:06:05.000000Z
386;get_field;/Users/MPemburn/Dev/clarku-wordpress/wp-content/themes/clarku-now/header.php;14;"$subhero = get_field( 'sub_hero_optional_component' );";2023-09-06T20:06:05.000000Z;2023-09-06T20:06:05.000000Z
387;get_field;/Users/MPemburn/Dev/clarku-wordpress/wp-content/themes/clarku-now/header.php;31;"'enabled' => get_field( 'emergency_notification_enabled', 'option' ),";2023-09-06T20:06:05.000000Z;2023-09-06T20:06:05.000000Z
388;get_field;/Users/MPemburn/Dev/clarku-wordpress/wp-content/themes/clarku-now/header.php;32;"'message' => get_field( 'emergency_notification_message', 'option' ),";2023-09-06T20:06:05.000000Z;2023-09-06T20:06:05.000000Z
389;get_field;/Users/MPemburn/Dev/clarku-wordpress/wp-content/themes/clarku-now/header.php;33;"'style'   => get_field( 'emergency_notification_style', 'option' ),";2023-09-06T20:06:05.000000Z;2023-09-06T20:06:05.000000Z
390;get_field;/Users/MPemburn/Dev/clarku-wordpress/wp-content/themes/clarku-now/header.php;39;"'enabled' => get_field( 'emergency_notification_repeater_enabled', 'option' ),";2023-09-06T20:06:05.000000Z;2023-09-06T20:06:05.000000Z
391;get_field;/Users/MPemburn/Dev/clarku-wordpress/wp-content/themes/clarku-now/header.php;40;"'repeater' => get_field( 'emergency_notification_repeater', 'option' ),";2023-09-06T20:06:05.000000Z;2023-09-06T20:06:05.000000Z
392;get_field;/Users/MPemburn/Dev/clarku-wordpress/wp-content/themes/clarku-now/header.php;69;"if ( get_field( 'header_button', 'option' ) && get_component( 'link.php' ) ) {";2023-09-06T20:06:05.000000Z;2023-09-06T20:06:05.000000Z
393;get_field;/Users/MPemburn/Dev/clarku-wordpress/wp-content/themes/clarku-now/header.php;71;"\Components\link_view( get_field( 'header_button', 'option' ), 'outline-button white cta-button' );";2023-09-06T20:06:05.000000Z;2023-09-06T20:06:05.000000Z
394;get_field;/Users/MPemburn/Dev/clarku-wordpress/wp-content/themes/clarku-now/header.php;150;"if ( get_field( 'header_button', 'option' ) && get_component( 'link.php' ) ) {";2023-09-06T20:06:05.000000Z;2023-09-06T20:06:05.000000Z
395;get_field;/Users/MPemburn/Dev/clarku-wordpress/wp-content/themes/clarku-now/header.php;152;"\Components\link_view( get_field( 'header_button', 'option' ), 'filled-button' );";2023-09-06T20:06:05.000000Z;2023-09-06T20:06:05.000000Z
396;get_field;/Users/MPemburn/Dev/clarku-wordpress/wp-content/themes/clarku-now/header.php;160;"if ( get_component( 'mobile-cta-buttons.php' ) && get_field( 'mobile_nav_buttons', 'option' ) ) {";2023-09-06T20:06:05.000000Z;2023-09-06T20:06:05.000000Z
397;get_field;/Users/MPemburn/Dev/clarku-wordpress/wp-content/themes/clarku-now/header.php;161;"Components\mobile_cta_buttons( get_field( 'mobile_nav_buttons', 'option' ) );";2023-09-06T20:06:05.000000Z;2023-09-06T20:06:05.000000Z
398;get_field;/Users/MPemburn/Dev/clarku-wordpress/wp-content/themes/clarku-now/archive-issue.php;53;"<?php if ( get_field( 'download_only' ) ) {";2023-09-06T20:06:05.000000Z;2023-09-06T20:06:05.000000Z
399;get_field;/Users/MPemburn/Dev/clarku-wordpress/wp-content/themes/clarku-now/archive-issue.php;54;"$issue_file = get_field( 'issue_pdf' ); ?>";2023-09-06T20:06:05.000000Z;2023-09-06T20:06:05.000000Z
400;get_field;/Users/MPemburn/Dev/clarku-wordpress/wp-content/themes/clarku-now/templates/homepage.php;6;"$screen_reader_h1_tag = get_field( 'screen_reader_h1_tag' );";2023-09-06T20:06:05.000000Z;2023-09-06T20:06:05.000000Z
401;get_field;/Users/MPemburn/Dev/clarku-wordpress/wp-content/themes/clarku-now/single-issue.php;3;"if ( get_field( 'download_only' ) && get_field( 'issue_pdf' ) ) {";2023-09-06T20:06:05.000000Z;2023-09-06T20:06:05.000000Z
402;get_field;/Users/MPemburn/Dev/clarku-wordpress/wp-content/themes/clarku-now/single-issue.php;4;"wp_redirect( get_field( 'issue_pdf' )['url'] );";2023-09-06T20:06:05.000000Z;2023-09-06T20:06:05.000000Z
403;get_field;/Users/MPemburn/Dev/clarku-wordpress/wp-content/themes/clarku-now/single-issue.php;14;"'pdf'       => get_field( 'issue_pdf' ),";2023-09-06T20:06:05.000000Z;2023-09-06T20:06:05.000000Z
404;get_field;/Users/MPemburn/Dev/clarku-wordpress/wp-content/themes/clarku-now/single-issue.php;17;"'short_excerpt'   => get_field( 'short_excerpt' ),";2023-09-06T20:06:05.000000Z;2023-09-06T20:06:05.000000Z
405;get_field;/Users/MPemburn/Dev/clarku-wordpress/wp-content/themes/clarku-now/single-issue.php;18;"'excerpt'   => get_field( 'excerpt' ),";2023-09-06T20:06:05.000000Z;2023-09-06T20:06:05.000000Z
406;get_field;/Users/MPemburn/Dev/clarku-wordpress/wp-content/themes/clarku-now/single-issue.php;19;"'featured_story'   => get_field( 'featured_story' )";2023-09-06T20:06:05.000000Z;2023-09-06T20:06:05.000000Z
407;get_field;/Users/MPemburn/Dev/clarku-wordpress/wp-content/themes/clarku-now/single-issue.php;30;"'section_label'    => get_field( 'issue_featured_section_label' ),";2023-09-06T20:06:05.000000Z;2023-09-06T20:06:05.000000Z
408;get_field;/Users/MPemburn/Dev/clarku-wordpress/wp-content/themes/clarku-now/single-issue.php;31;"'title'            => get_field( 'issue_featured_title' ),";2023-09-06T20:06:05.000000Z;2023-09-06T20:06:05.000000Z
409;get_field;/Users/MPemburn/Dev/clarku-wordpress/wp-content/themes/clarku-now/single-issue.php;33;"'columns'          => get_field( 'issue_featured_columns' ),";2023-09-06T20:06:05.000000Z;2023-09-06T20:06:05.000000Z
410;get_field;/Users/MPemburn/Dev/clarku-wordpress/wp-content/themes/clarku-now/single-issue.php;34;"'stories'          => get_field( 'issue_featured_stories' ),";2023-09-06T20:06:05.000000Z;2023-09-06T20:06:05.000000Z
411;get_field;/Users/MPemburn/Dev/clarku-wordpress/wp-content/themes/clarku-now/single-issue.php;43;"'section_label'    => get_field( 'issue_remaining_section_label' ),";2023-09-06T20:06:05.000000Z;2023-09-06T20:06:05.000000Z
412;get_field;/Users/MPemburn/Dev/clarku-wordpress/wp-content/themes/clarku-now/single-issue.php;44;"'title'            => get_field( 'issue_remaining_title' ),";2023-09-06T20:06:05.000000Z;2023-09-06T20:06:05.000000Z
413;get_field;/Users/MPemburn/Dev/clarku-wordpress/wp-content/themes/clarku-now/single-issue.php;45;"'background_color' => get_field( 'issue_remaining_background_color' ),";2023-09-06T20:06:05.000000Z;2023-09-06T20:06:05.000000Z
414;get_field;/Users/MPemburn/Dev/clarku-wordpress/wp-content/themes/clarku-now/single-issue.php;46;"'stories'          => get_field( 'issue_remaining_stories' )";2023-09-06T20:06:05.000000Z;2023-09-06T20:06:05.000000Z
415;get_field;/Users/MPemburn/Dev/clarku-wordpress/wp-content/themes/clarku-now/single-issue.php;160;"'content' => get_field( 'short_excerpt', $slide->ID ),";2023-09-06T20:06:05.000000Z;2023-09-06T20:06:05.000000Z
416;get_field;/Users/MPemburn/Dev/clarku-wordpress/wp-content/themes/clarku-now/single.php;6;"$form = get_field( 'single_story_form', 'option' );";2023-09-06T20:06:05.000000Z;2023-09-06T20:06:05.000000Z
417;get_field;/Users/MPemburn/Dev/clarku-wordpress/wp-content/themes/clarku-now/single.php;11;"'sub_title' => get_field( 'section_label' ),";2023-09-06T20:06:05.000000Z;2023-09-06T20:06:05.000000Z
418;get_field;/Users/MPemburn/Dev/clarku-wordpress/wp-content/themes/clarku-now/single.php;13;"'content'   => get_field( 'excerpt' ),";2023-09-06T20:06:05.000000Z;2023-09-06T20:06:05.000000Z
